[2025-08-21 13:15:22] local.ERROR: Command "config:publish" is not defined.

Did you mean one of these?
    config:cache
    config:clear
    sail:publish
    stub:publish
    vendor:publish {"exception":"[object] (Symfony\\Component\\Console\\Exception\\CommandNotFoundException(code: 0): Command \"config:publish\" is not defined.

Did you mean one of these?
    config:cache
    config:clear
    sail:publish
    stub:publish
    vendor:publish at C:\\xampp\\htdocs\\Laravel project\\laravel11-crash-course\\vendor\\symfony\\console\\Application.php:694)
[stacktrace]
#0 C:\\xampp\\htdocs\\Laravel project\\laravel11-crash-course\\vendor\\symfony\\console\\Application.php(259): Symfony\\Component\\Console\\Application->find('config:publish')
#1 C:\\xampp\\htdocs\\Laravel project\\laravel11-crash-course\\vendor\\symfony\\console\\Application.php(171): Symfony\\Component\\Console\\Application->doRun(Object(Symfony\\Component\\Console\\Input\\ArgvInput), Object(Symfony\\Component\\Console\\Output\\ConsoleOutput))
#2 C:\\xampp\\htdocs\\Laravel project\\laravel11-crash-course\\vendor\\laravel\\framework\\src\\Illuminate\\Console\\Application.php(102): Symfony\\Component\\Console\\Application->run(Object(Symfony\\Component\\Console\\Input\\ArgvInput), Object(Symfony\\Component\\Console\\Output\\ConsoleOutput))
#3 C:\\xampp\\htdocs\\Laravel project\\laravel11-crash-course\\vendor\\laravel\\framework\\src\\Illuminate\\Foundation\\Console\\Kernel.php(155): Illuminate\\Console\\Application->run(Object(Symfony\\Component\\Console\\Input\\ArgvInput), Object(Symfony\\Component\\Console\\Output\\ConsoleOutput))
#4 C:\\xampp\\htdocs\\Laravel project\\laravel11-crash-course\\artisan(37): Illuminate\\Foundation\\Console\\Kernel->handle(Object(Symfony\\Component\\Console\\Input\\ArgvInput), Object(Symfony\\Component\\Console\\Output\\ConsoleOutput))
#5 {main}
"} 
[2025-08-21 13:15:57] local.ERROR: Command "config:publish" is not defined.

Did you mean one of these?
    config:cache
    config:clear
    sail:publish
    stub:publish
    vendor:publish {"exception":"[object] (Symfony\\Component\\Console\\Exception\\CommandNotFoundException(code: 0): Command \"config:publish\" is not defined.

Did you mean one of these?
    config:cache
    config:clear
    sail:publish
    stub:publish
    vendor:publish at C:\\xampp\\htdocs\\Laravel project\\laravel11-crash-course\\vendor\\symfony\\console\\Application.php:694)
[stacktrace]
#0 C:\\xampp\\htdocs\\Laravel project\\laravel11-crash-course\\vendor\\symfony\\console\\Application.php(259): Symfony\\Component\\Console\\Application->find('config:publish')
#1 C:\\xampp\\htdocs\\Laravel project\\laravel11-crash-course\\vendor\\symfony\\console\\Application.php(171): Symfony\\Component\\Console\\Application->doRun(Object(Symfony\\Component\\Console\\Input\\ArgvInput), Object(Symfony\\Component\\Console\\Output\\ConsoleOutput))
#2 C:\\xampp\\htdocs\\Laravel project\\laravel11-crash-course\\vendor\\laravel\\framework\\src\\Illuminate\\Console\\Application.php(102): Symfony\\Component\\Console\\Application->run(Object(Symfony\\Component\\Console\\Input\\ArgvInput), Object(Symfony\\Component\\Console\\Output\\ConsoleOutput))
#3 C:\\xampp\\htdocs\\Laravel project\\laravel11-crash-course\\vendor\\laravel\\framework\\src\\Illuminate\\Foundation\\Console\\Kernel.php(155): Illuminate\\Console\\Application->run(Object(Symfony\\Component\\Console\\Input\\ArgvInput), Object(Symfony\\Component\\Console\\Output\\ConsoleOutput))
#4 C:\\xampp\\htdocs\\Laravel project\\laravel11-crash-course\\artisan(37): Illuminate\\Foundation\\Console\\Kernel->handle(Object(Symfony\\Component\\Console\\Input\\ArgvInput), Object(Symfony\\Component\\Console\\Output\\ConsoleOutput))
#5 {main}
"} 
[2025-08-21 13:19:56] local.ERROR: Command "config:publish" is not defined.

Did you mean one of these?
    config:cache
    config:clear
    sail:publish
    stub:publish
    vendor:publish {"exception":"[object] (Symfony\\Component\\Console\\Exception\\CommandNotFoundException(code: 0): Command \"config:publish\" is not defined.

Did you mean one of these?
    config:cache
    config:clear
    sail:publish
    stub:publish
    vendor:publish at C:\\xampp\\htdocs\\Laravel project\\laravel11-crash-course\\vendor\\symfony\\console\\Application.php:694)
[stacktrace]
#0 C:\\xampp\\htdocs\\Laravel project\\laravel11-crash-course\\vendor\\symfony\\console\\Application.php(259): Symfony\\Component\\Console\\Application->find('config:publish')
#1 C:\\xampp\\htdocs\\Laravel project\\laravel11-crash-course\\vendor\\symfony\\console\\Application.php(171): Symfony\\Component\\Console\\Application->doRun(Object(Symfony\\Component\\Console\\Input\\ArgvInput), Object(Symfony\\Component\\Console\\Output\\ConsoleOutput))
#2 C:\\xampp\\htdocs\\Laravel project\\laravel11-crash-course\\vendor\\laravel\\framework\\src\\Illuminate\\Console\\Application.php(102): Symfony\\Component\\Console\\Application->run(Object(Symfony\\Component\\Console\\Input\\ArgvInput), Object(Symfony\\Component\\Console\\Output\\ConsoleOutput))
#3 C:\\xampp\\htdocs\\Laravel project\\laravel11-crash-course\\vendor\\laravel\\framework\\src\\Illuminate\\Foundation\\Console\\Kernel.php(155): Illuminate\\Console\\Application->run(Object(Symfony\\Component\\Console\\Input\\ArgvInput), Object(Symfony\\Component\\Console\\Output\\ConsoleOutput))
#4 C:\\xampp\\htdocs\\Laravel project\\laravel11-crash-course\\artisan(37): Illuminate\\Foundation\\Console\\Kernel->handle(Object(Symfony\\Component\\Console\\Input\\ArgvInput), Object(Symfony\\Component\\Console\\Output\\ConsoleOutput))
#5 {main}
"} 
[2025-08-22 05:30:02] local.ERROR: SQLSTATE[HY000] [2002] No connection could be made because the target machine actively refused it (SQL: select * from information_schema.tables where table_schema = laravel and table_name = migrations and table_type = 'BASE TABLE') {"exception":"[object] (Illuminate\\Database\\QueryException(code: 2002): SQLSTATE[HY000] [2002] No connection could be made because the target machine actively refused it (SQL: select * from information_schema.tables where table_schema = laravel and table_name = migrations and table_type = 'BASE TABLE') at C:\\xampp\\htdocs\\Laravel project\\laravel11-crash-course\\vendor\\laravel\\framework\\src\\Illuminate\\Database\\Connection.php:760)
[stacktrace]
#0 C:\\xampp\\htdocs\\Laravel project\\laravel11-crash-course\\vendor\\laravel\\framework\\src\\Illuminate\\Database\\Connection.php(720): Illuminate\\Database\\Connection->runQueryCallback('select * from i...', Array, Object(Closure))
#1 C:\\xampp\\htdocs\\Laravel project\\laravel11-crash-course\\vendor\\laravel\\framework\\src\\Illuminate\\Database\\Connection.php(422): Illuminate\\Database\\Connection->run('select * from i...', Array, Object(Closure))
#2 C:\\xampp\\htdocs\\Laravel project\\laravel11-crash-course\\vendor\\laravel\\framework\\src\\Illuminate\\Database\\Connection.php(392): Illuminate\\Database\\Connection->select('select * from i...', Array, false)
#3 C:\\xampp\\htdocs\\Laravel project\\laravel11-crash-course\\vendor\\laravel\\framework\\src\\Illuminate\\Database\\Schema\\MySqlBuilder.php(44): Illuminate\\Database\\Connection->selectFromWriteConnection('select * from i...', Array)
#4 C:\\xampp\\htdocs\\Laravel project\\laravel11-crash-course\\vendor\\laravel\\framework\\src\\Illuminate\\Database\\Migrations\\DatabaseMigrationRepository.php(169): Illuminate\\Database\\Schema\\MySqlBuilder->hasTable('migrations')
#5 C:\\xampp\\htdocs\\Laravel project\\laravel11-crash-course\\vendor\\laravel\\framework\\src\\Illuminate\\Database\\Migrations\\Migrator.php(722): Illuminate\\Database\\Migrations\\DatabaseMigrationRepository->repositoryExists()
#6 C:\\xampp\\htdocs\\Laravel project\\laravel11-crash-course\\vendor\\laravel\\framework\\src\\Illuminate\\Database\\Console\\Migrations\\MigrateCommand.php(138): Illuminate\\Database\\Migrations\\Migrator->repositoryExists()
#7 C:\\xampp\\htdocs\\Laravel project\\laravel11-crash-course\\vendor\\laravel\\framework\\src\\Illuminate\\Support\\helpers.php(260): Illuminate\\Database\\Console\\Migrations\\MigrateCommand->Illuminate\\Database\\Console\\Migrations\\{closure}(1)
#8 C:\\xampp\\htdocs\\Laravel project\\laravel11-crash-course\\vendor\\laravel\\framework\\src\\Illuminate\\Database\\Console\\Migrations\\MigrateCommand.php(157): retry(1, Object(Closure), 0, Object(Closure))
#9 C:\\xampp\\htdocs\\Laravel project\\laravel11-crash-course\\vendor\\laravel\\framework\\src\\Illuminate\\Database\\Console\\Migrations\\MigrateCommand.php(114): Illuminate\\Database\\Console\\Migrations\\MigrateCommand->repositoryExists()
#10 C:\\xampp\\htdocs\\Laravel project\\laravel11-crash-course\\vendor\\laravel\\framework\\src\\Illuminate\\Database\\Console\\Migrations\\MigrateCommand.php(82): Illuminate\\Database\\Console\\Migrations\\MigrateCommand->prepareDatabase()
#11 C:\\xampp\\htdocs\\Laravel project\\laravel11-crash-course\\vendor\\laravel\\framework\\src\\Illuminate\\Database\\Migrations\\Migrator.php(636): Illuminate\\Database\\Console\\Migrations\\MigrateCommand->Illuminate\\Database\\Console\\Migrations\\{closure}()
#12 C:\\xampp\\htdocs\\Laravel project\\laravel11-crash-course\\vendor\\laravel\\framework\\src\\Illuminate\\Database\\Console\\Migrations\\MigrateCommand.php(102): Illuminate\\Database\\Migrations\\Migrator->usingConnection(NULL, Object(Closure))
#13 C:\\xampp\\htdocs\\Laravel project\\laravel11-crash-course\\vendor\\laravel\\framework\\src\\Illuminate\\Container\\BoundMethod.php(36): Illuminate\\Database\\Console\\Migrations\\MigrateCommand->handle()
#14 C:\\xampp\\htdocs\\Laravel project\\laravel11-crash-course\\vendor\\laravel\\framework\\src\\Illuminate\\Container\\Util.php(41): Illuminate\\Container\\BoundMethod::Illuminate\\Container\\{closure}()
#15 C:\\xampp\\htdocs\\Laravel project\\laravel11-crash-course\\vendor\\laravel\\framework\\src\\Illuminate\\Container\\BoundMethod.php(93): Illuminate\\Container\\Util::unwrapIfClosure(Object(Closure))
#16 C:\\xampp\\htdocs\\Laravel project\\laravel11-crash-course\\vendor\\laravel\\framework\\src\\Illuminate\\Container\\BoundMethod.php(37): Illuminate\\Container\\BoundMethod::callBoundMethod(Object(Illuminate\\Foundation\\Application), Array, Object(Closure))
#17 C:\\xampp\\htdocs\\Laravel project\\laravel11-crash-course\\vendor\\laravel\\framework\\src\\Illuminate\\Container\\Container.php(661): Illuminate\\Container\\BoundMethod::call(Object(Illuminate\\Foundation\\Application), Array, Array, NULL)
#18 C:\\xampp\\htdocs\\Laravel project\\laravel11-crash-course\\vendor\\laravel\\framework\\src\\Illuminate\\Console\\Command.php(183): Illuminate\\Container\\Container->call(Array)
#19 C:\\xampp\\htdocs\\Laravel project\\laravel11-crash-course\\vendor\\symfony\\console\\Command\\Command.php(291): Illuminate\\Console\\Command->execute(Object(Symfony\\Component\\Console\\Input\\ArgvInput), Object(Illuminate\\Console\\OutputStyle))
#20 C:\\xampp\\htdocs\\Laravel project\\laravel11-crash-course\\vendor\\laravel\\framework\\src\\Illuminate\\Console\\Command.php(153): Symfony\\Component\\Console\\Command\\Command->run(Object(Symfony\\Component\\Console\\Input\\ArgvInput), Object(Illuminate\\Console\\OutputStyle))
#21 C:\\xampp\\htdocs\\Laravel project\\laravel11-crash-course\\vendor\\symfony\\console\\Application.php(1014): Illuminate\\Console\\Command->run(Object(Symfony\\Component\\Console\\Input\\ArgvInput), Object(Symfony\\Component\\Console\\Output\\ConsoleOutput))
#22 C:\\xampp\\htdocs\\Laravel project\\laravel11-crash-course\\vendor\\symfony\\console\\Application.php(301): Symfony\\Component\\Console\\Application->doRunCommand(Object(Illuminate\\Database\\Console\\Migrations\\MigrateCommand), Object(Symfony\\Component\\Console\\Input\\ArgvInput), Object(Symfony\\Component\\Console\\Output\\ConsoleOutput))
#23 C:\\xampp\\htdocs\\Laravel project\\laravel11-crash-course\\vendor\\symfony\\console\\Application.php(171): Symfony\\Component\\Console\\Application->doRun(Object(Symfony\\Component\\Console\\Input\\ArgvInput), Object(Symfony\\Component\\Console\\Output\\ConsoleOutput))
#24 C:\\xampp\\htdocs\\Laravel project\\laravel11-crash-course\\vendor\\laravel\\framework\\src\\Illuminate\\Console\\Application.php(102): Symfony\\Component\\Console\\Application->run(Object(Symfony\\Component\\Console\\Input\\ArgvInput), Object(Symfony\\Component\\Console\\Output\\ConsoleOutput))
#25 C:\\xampp\\htdocs\\Laravel project\\laravel11-crash-course\\vendor\\laravel\\framework\\src\\Illuminate\\Foundation\\Console\\Kernel.php(155): Illuminate\\Console\\Application->run(Object(Symfony\\Component\\Console\\Input\\ArgvInput), Object(Symfony\\Component\\Console\\Output\\ConsoleOutput))
#26 C:\\xampp\\htdocs\\Laravel project\\laravel11-crash-course\\artisan(37): Illuminate\\Foundation\\Console\\Kernel->handle(Object(Symfony\\Component\\Console\\Input\\ArgvInput), Object(Symfony\\Component\\Console\\Output\\ConsoleOutput))
#27 {main}

[previous exception] [object] (PDOException(code: 2002): SQLSTATE[HY000] [2002] No connection could be made because the target machine actively refused it at C:\\xampp\\htdocs\\Laravel project\\laravel11-crash-course\\vendor\\laravel\\framework\\src\\Illuminate\\Database\\Connectors\\Connector.php:70)
[stacktrace]
#0 C:\\xampp\\htdocs\\Laravel project\\laravel11-crash-course\\vendor\\laravel\\framework\\src\\Illuminate\\Database\\Connectors\\Connector.php(70): PDO->__construct('mysql:host=127....', 'root', '', Array)
#1 C:\\xampp\\htdocs\\Laravel project\\laravel11-crash-course\\vendor\\laravel\\framework\\src\\Illuminate\\Database\\Connectors\\Connector.php(46): Illuminate\\Database\\Connectors\\Connector->createPdoConnection('mysql:host=127....', 'root', '', Array)
#2 C:\\xampp\\htdocs\\Laravel project\\laravel11-crash-course\\vendor\\laravel\\framework\\src\\Illuminate\\Database\\Connectors\\MySqlConnector.php(24): Illuminate\\Database\\Connectors\\Connector->createConnection('mysql:host=127....', Array, Array)
#3 C:\\xampp\\htdocs\\Laravel project\\laravel11-crash-course\\vendor\\laravel\\framework\\src\\Illuminate\\Database\\Connectors\\ConnectionFactory.php(184): Illuminate\\Database\\Connectors\\MySqlConnector->connect(Array)
#4 [internal function]: Illuminate\\Database\\Connectors\\ConnectionFactory->Illuminate\\Database\\Connectors\\{closure}()
#5 C:\\xampp\\htdocs\\Laravel project\\laravel11-crash-course\\vendor\\laravel\\framework\\src\\Illuminate\\Database\\Connection.php(1181): call_user_func(Object(Closure))
#6 C:\\xampp\\htdocs\\Laravel project\\laravel11-crash-course\\vendor\\laravel\\framework\\src\\Illuminate\\Database\\Connection.php(486): Illuminate\\Database\\Connection->getPdo()
#7 C:\\xampp\\htdocs\\Laravel project\\laravel11-crash-course\\vendor\\laravel\\framework\\src\\Illuminate\\Database\\Connection.php(414): Illuminate\\Database\\Connection->getPdoForSelect(false)
#8 C:\\xampp\\htdocs\\Laravel project\\laravel11-crash-course\\vendor\\laravel\\framework\\src\\Illuminate\\Database\\Connection.php(753): Illuminate\\Database\\Connection->Illuminate\\Database\\{closure}('select * from i...', Array)
#9 C:\\xampp\\htdocs\\Laravel project\\laravel11-crash-course\\vendor\\laravel\\framework\\src\\Illuminate\\Database\\Connection.php(720): Illuminate\\Database\\Connection->runQueryCallback('select * from i...', Array, Object(Closure))
#10 C:\\xampp\\htdocs\\Laravel project\\laravel11-crash-course\\vendor\\laravel\\framework\\src\\Illuminate\\Database\\Connection.php(422): Illuminate\\Database\\Connection->run('select * from i...', Array, Object(Closure))
#11 C:\\xampp\\htdocs\\Laravel project\\laravel11-crash-course\\vendor\\laravel\\framework\\src\\Illuminate\\Database\\Connection.php(392): Illuminate\\Database\\Connection->select('select * from i...', Array, false)
#12 C:\\xampp\\htdocs\\Laravel project\\laravel11-crash-course\\vendor\\laravel\\framework\\src\\Illuminate\\Database\\Schema\\MySqlBuilder.php(44): Illuminate\\Database\\Connection->selectFromWriteConnection('select * from i...', Array)
#13 C:\\xampp\\htdocs\\Laravel project\\laravel11-crash-course\\vendor\\laravel\\framework\\src\\Illuminate\\Database\\Migrations\\DatabaseMigrationRepository.php(169): Illuminate\\Database\\Schema\\MySqlBuilder->hasTable('migrations')
#14 C:\\xampp\\htdocs\\Laravel project\\laravel11-crash-course\\vendor\\laravel\\framework\\src\\Illuminate\\Database\\Migrations\\Migrator.php(722): Illuminate\\Database\\Migrations\\DatabaseMigrationRepository->repositoryExists()
#15 C:\\xampp\\htdocs\\Laravel project\\laravel11-crash-course\\vendor\\laravel\\framework\\src\\Illuminate\\Database\\Console\\Migrations\\MigrateCommand.php(138): Illuminate\\Database\\Migrations\\Migrator->repositoryExists()
#16 C:\\xampp\\htdocs\\Laravel project\\laravel11-crash-course\\vendor\\laravel\\framework\\src\\Illuminate\\Support\\helpers.php(260): Illuminate\\Database\\Console\\Migrations\\MigrateCommand->Illuminate\\Database\\Console\\Migrations\\{closure}(1)
#17 C:\\xampp\\htdocs\\Laravel project\\laravel11-crash-course\\vendor\\laravel\\framework\\src\\Illuminate\\Database\\Console\\Migrations\\MigrateCommand.php(157): retry(1, Object(Closure), 0, Object(Closure))
#18 C:\\xampp\\htdocs\\Laravel project\\laravel11-crash-course\\vendor\\laravel\\framework\\src\\Illuminate\\Database\\Console\\Migrations\\MigrateCommand.php(114): Illuminate\\Database\\Console\\Migrations\\MigrateCommand->repositoryExists()
#19 C:\\xampp\\htdocs\\Laravel project\\laravel11-crash-course\\vendor\\laravel\\framework\\src\\Illuminate\\Database\\Console\\Migrations\\MigrateCommand.php(82): Illuminate\\Database\\Console\\Migrations\\MigrateCommand->prepareDatabase()
#20 C:\\xampp\\htdocs\\Laravel project\\laravel11-crash-course\\vendor\\laravel\\framework\\src\\Illuminate\\Database\\Migrations\\Migrator.php(636): Illuminate\\Database\\Console\\Migrations\\MigrateCommand->Illuminate\\Database\\Console\\Migrations\\{closure}()
#21 C:\\xampp\\htdocs\\Laravel project\\laravel11-crash-course\\vendor\\laravel\\framework\\src\\Illuminate\\Database\\Console\\Migrations\\MigrateCommand.php(102): Illuminate\\Database\\Migrations\\Migrator->usingConnection(NULL, Object(Closure))
#22 C:\\xampp\\htdocs\\Laravel project\\laravel11-crash-course\\vendor\\laravel\\framework\\src\\Illuminate\\Container\\BoundMethod.php(36): Illuminate\\Database\\Console\\Migrations\\MigrateCommand->handle()
#23 C:\\xampp\\htdocs\\Laravel project\\laravel11-crash-course\\vendor\\laravel\\framework\\src\\Illuminate\\Container\\Util.php(41): Illuminate\\Container\\BoundMethod::Illuminate\\Container\\{closure}()
#24 C:\\xampp\\htdocs\\Laravel project\\laravel11-crash-course\\vendor\\laravel\\framework\\src\\Illuminate\\Container\\BoundMethod.php(93): Illuminate\\Container\\Util::unwrapIfClosure(Object(Closure))
#25 C:\\xampp\\htdocs\\Laravel project\\laravel11-crash-course\\vendor\\laravel\\framework\\src\\Illuminate\\Container\\BoundMethod.php(37): Illuminate\\Container\\BoundMethod::callBoundMethod(Object(Illuminate\\Foundation\\Application), Array, Object(Closure))
#26 C:\\xampp\\htdocs\\Laravel project\\laravel11-crash-course\\vendor\\laravel\\framework\\src\\Illuminate\\Container\\Container.php(661): Illuminate\\Container\\BoundMethod::call(Object(Illuminate\\Foundation\\Application), Array, Array, NULL)
#27 C:\\xampp\\htdocs\\Laravel project\\laravel11-crash-course\\vendor\\laravel\\framework\\src\\Illuminate\\Console\\Command.php(183): Illuminate\\Container\\Container->call(Array)
#28 C:\\xampp\\htdocs\\Laravel project\\laravel11-crash-course\\vendor\\symfony\\console\\Command\\Command.php(291): Illuminate\\Console\\Command->execute(Object(Symfony\\Component\\Console\\Input\\ArgvInput), Object(Illuminate\\Console\\OutputStyle))
#29 C:\\xampp\\htdocs\\Laravel project\\laravel11-crash-course\\vendor\\laravel\\framework\\src\\Illuminate\\Console\\Command.php(153): Symfony\\Component\\Console\\Command\\Command->run(Object(Symfony\\Component\\Console\\Input\\ArgvInput), Object(Illuminate\\Console\\OutputStyle))
#30 C:\\xampp\\htdocs\\Laravel project\\laravel11-crash-course\\vendor\\symfony\\console\\Application.php(1014): Illuminate\\Console\\Command->run(Object(Symfony\\Component\\Console\\Input\\ArgvInput), Object(Symfony\\Component\\Console\\Output\\ConsoleOutput))
#31 C:\\xampp\\htdocs\\Laravel project\\laravel11-crash-course\\vendor\\symfony\\console\\Application.php(301): Symfony\\Component\\Console\\Application->doRunCommand(Object(Illuminate\\Database\\Console\\Migrations\\MigrateCommand), Object(Symfony\\Component\\Console\\Input\\ArgvInput), Object(Symfony\\Component\\Console\\Output\\ConsoleOutput))
#32 C:\\xampp\\htdocs\\Laravel project\\laravel11-crash-course\\vendor\\symfony\\console\\Application.php(171): Symfony\\Component\\Console\\Application->doRun(Object(Symfony\\Component\\Console\\Input\\ArgvInput), Object(Symfony\\Component\\Console\\Output\\ConsoleOutput))
#33 C:\\xampp\\htdocs\\Laravel project\\laravel11-crash-course\\vendor\\laravel\\framework\\src\\Illuminate\\Console\\Application.php(102): Symfony\\Component\\Console\\Application->run(Object(Symfony\\Component\\Console\\Input\\ArgvInput), Object(Symfony\\Component\\Console\\Output\\ConsoleOutput))
#34 C:\\xampp\\htdocs\\Laravel project\\laravel11-crash-course\\vendor\\laravel\\framework\\src\\Illuminate\\Foundation\\Console\\Kernel.php(155): Illuminate\\Console\\Application->run(Object(Symfony\\Component\\Console\\Input\\ArgvInput), Object(Symfony\\Component\\Console\\Output\\ConsoleOutput))
#35 C:\\xampp\\htdocs\\Laravel project\\laravel11-crash-course\\artisan(37): Illuminate\\Foundation\\Console\\Kernel->handle(Object(Symfony\\Component\\Console\\Input\\ArgvInput), Object(Symfony\\Component\\Console\\Output\\ConsoleOutput))
#36 {main}
"} 
[2025-08-22 05:31:43] local.ERROR: SQLSTATE[HY000] [2002] No connection could be made because the target machine actively refused it (SQL: select * from information_schema.tables where table_schema = laravel and table_name = migrations and table_type = 'BASE TABLE') {"exception":"[object] (Illuminate\\Database\\QueryException(code: 2002): SQLSTATE[HY000] [2002] No connection could be made because the target machine actively refused it (SQL: select * from information_schema.tables where table_schema = laravel and table_name = migrations and table_type = 'BASE TABLE') at C:\\xampp\\htdocs\\Laravel project\\laravel11-crash-course\\vendor\\laravel\\framework\\src\\Illuminate\\Database\\Connection.php:760)
[stacktrace]
#0 C:\\xampp\\htdocs\\Laravel project\\laravel11-crash-course\\vendor\\laravel\\framework\\src\\Illuminate\\Database\\Connection.php(720): Illuminate\\Database\\Connection->runQueryCallback('select * from i...', Array, Object(Closure))
#1 C:\\xampp\\htdocs\\Laravel project\\laravel11-crash-course\\vendor\\laravel\\framework\\src\\Illuminate\\Database\\Connection.php(422): Illuminate\\Database\\Connection->run('select * from i...', Array, Object(Closure))
#2 C:\\xampp\\htdocs\\Laravel project\\laravel11-crash-course\\vendor\\laravel\\framework\\src\\Illuminate\\Database\\Connection.php(392): Illuminate\\Database\\Connection->select('select * from i...', Array, false)
#3 C:\\xampp\\htdocs\\Laravel project\\laravel11-crash-course\\vendor\\laravel\\framework\\src\\Illuminate\\Database\\Schema\\MySqlBuilder.php(44): Illuminate\\Database\\Connection->selectFromWriteConnection('select * from i...', Array)
#4 C:\\xampp\\htdocs\\Laravel project\\laravel11-crash-course\\vendor\\laravel\\framework\\src\\Illuminate\\Database\\Migrations\\DatabaseMigrationRepository.php(169): Illuminate\\Database\\Schema\\MySqlBuilder->hasTable('migrations')
#5 C:\\xampp\\htdocs\\Laravel project\\laravel11-crash-course\\vendor\\laravel\\framework\\src\\Illuminate\\Database\\Migrations\\Migrator.php(722): Illuminate\\Database\\Migrations\\DatabaseMigrationRepository->repositoryExists()
#6 C:\\xampp\\htdocs\\Laravel project\\laravel11-crash-course\\vendor\\laravel\\framework\\src\\Illuminate\\Database\\Console\\Migrations\\MigrateCommand.php(138): Illuminate\\Database\\Migrations\\Migrator->repositoryExists()
#7 C:\\xampp\\htdocs\\Laravel project\\laravel11-crash-course\\vendor\\laravel\\framework\\src\\Illuminate\\Support\\helpers.php(260): Illuminate\\Database\\Console\\Migrations\\MigrateCommand->Illuminate\\Database\\Console\\Migrations\\{closure}(1)
#8 C:\\xampp\\htdocs\\Laravel project\\laravel11-crash-course\\vendor\\laravel\\framework\\src\\Illuminate\\Database\\Console\\Migrations\\MigrateCommand.php(157): retry(1, Object(Closure), 0, Object(Closure))
#9 C:\\xampp\\htdocs\\Laravel project\\laravel11-crash-course\\vendor\\laravel\\framework\\src\\Illuminate\\Database\\Console\\Migrations\\MigrateCommand.php(114): Illuminate\\Database\\Console\\Migrations\\MigrateCommand->repositoryExists()
#10 C:\\xampp\\htdocs\\Laravel project\\laravel11-crash-course\\vendor\\laravel\\framework\\src\\Illuminate\\Database\\Console\\Migrations\\MigrateCommand.php(82): Illuminate\\Database\\Console\\Migrations\\MigrateCommand->prepareDatabase()
#11 C:\\xampp\\htdocs\\Laravel project\\laravel11-crash-course\\vendor\\laravel\\framework\\src\\Illuminate\\Database\\Migrations\\Migrator.php(636): Illuminate\\Database\\Console\\Migrations\\MigrateCommand->Illuminate\\Database\\Console\\Migrations\\{closure}()
#12 C:\\xampp\\htdocs\\Laravel project\\laravel11-crash-course\\vendor\\laravel\\framework\\src\\Illuminate\\Database\\Console\\Migrations\\MigrateCommand.php(102): Illuminate\\Database\\Migrations\\Migrator->usingConnection(NULL, Object(Closure))
#13 C:\\xampp\\htdocs\\Laravel project\\laravel11-crash-course\\vendor\\laravel\\framework\\src\\Illuminate\\Container\\BoundMethod.php(36): Illuminate\\Database\\Console\\Migrations\\MigrateCommand->handle()
#14 C:\\xampp\\htdocs\\Laravel project\\laravel11-crash-course\\vendor\\laravel\\framework\\src\\Illuminate\\Container\\Util.php(41): Illuminate\\Container\\BoundMethod::Illuminate\\Container\\{closure}()
#15 C:\\xampp\\htdocs\\Laravel project\\laravel11-crash-course\\vendor\\laravel\\framework\\src\\Illuminate\\Container\\BoundMethod.php(93): Illuminate\\Container\\Util::unwrapIfClosure(Object(Closure))
#16 C:\\xampp\\htdocs\\Laravel project\\laravel11-crash-course\\vendor\\laravel\\framework\\src\\Illuminate\\Container\\BoundMethod.php(37): Illuminate\\Container\\BoundMethod::callBoundMethod(Object(Illuminate\\Foundation\\Application), Array, Object(Closure))
#17 C:\\xampp\\htdocs\\Laravel project\\laravel11-crash-course\\vendor\\laravel\\framework\\src\\Illuminate\\Container\\Container.php(661): Illuminate\\Container\\BoundMethod::call(Object(Illuminate\\Foundation\\Application), Array, Array, NULL)
#18 C:\\xampp\\htdocs\\Laravel project\\laravel11-crash-course\\vendor\\laravel\\framework\\src\\Illuminate\\Console\\Command.php(183): Illuminate\\Container\\Container->call(Array)
#19 C:\\xampp\\htdocs\\Laravel project\\laravel11-crash-course\\vendor\\symfony\\console\\Command\\Command.php(291): Illuminate\\Console\\Command->execute(Object(Symfony\\Component\\Console\\Input\\ArgvInput), Object(Illuminate\\Console\\OutputStyle))
#20 C:\\xampp\\htdocs\\Laravel project\\laravel11-crash-course\\vendor\\laravel\\framework\\src\\Illuminate\\Console\\Command.php(153): Symfony\\Component\\Console\\Command\\Command->run(Object(Symfony\\Component\\Console\\Input\\ArgvInput), Object(Illuminate\\Console\\OutputStyle))
#21 C:\\xampp\\htdocs\\Laravel project\\laravel11-crash-course\\vendor\\symfony\\console\\Application.php(1014): Illuminate\\Console\\Command->run(Object(Symfony\\Component\\Console\\Input\\ArgvInput), Object(Symfony\\Component\\Console\\Output\\ConsoleOutput))
#22 C:\\xampp\\htdocs\\Laravel project\\laravel11-crash-course\\vendor\\symfony\\console\\Application.php(301): Symfony\\Component\\Console\\Application->doRunCommand(Object(Illuminate\\Database\\Console\\Migrations\\MigrateCommand), Object(Symfony\\Component\\Console\\Input\\ArgvInput), Object(Symfony\\Component\\Console\\Output\\ConsoleOutput))
#23 C:\\xampp\\htdocs\\Laravel project\\laravel11-crash-course\\vendor\\symfony\\console\\Application.php(171): Symfony\\Component\\Console\\Application->doRun(Object(Symfony\\Component\\Console\\Input\\ArgvInput), Object(Symfony\\Component\\Console\\Output\\ConsoleOutput))
#24 C:\\xampp\\htdocs\\Laravel project\\laravel11-crash-course\\vendor\\laravel\\framework\\src\\Illuminate\\Console\\Application.php(102): Symfony\\Component\\Console\\Application->run(Object(Symfony\\Component\\Console\\Input\\ArgvInput), Object(Symfony\\Component\\Console\\Output\\ConsoleOutput))
#25 C:\\xampp\\htdocs\\Laravel project\\laravel11-crash-course\\vendor\\laravel\\framework\\src\\Illuminate\\Foundation\\Console\\Kernel.php(155): Illuminate\\Console\\Application->run(Object(Symfony\\Component\\Console\\Input\\ArgvInput), Object(Symfony\\Component\\Console\\Output\\ConsoleOutput))
#26 C:\\xampp\\htdocs\\Laravel project\\laravel11-crash-course\\artisan(37): Illuminate\\Foundation\\Console\\Kernel->handle(Object(Symfony\\Component\\Console\\Input\\ArgvInput), Object(Symfony\\Component\\Console\\Output\\ConsoleOutput))
#27 {main}

[previous exception] [object] (PDOException(code: 2002): SQLSTATE[HY000] [2002] No connection could be made because the target machine actively refused it at C:\\xampp\\htdocs\\Laravel project\\laravel11-crash-course\\vendor\\laravel\\framework\\src\\Illuminate\\Database\\Connectors\\Connector.php:70)
[stacktrace]
#0 C:\\xampp\\htdocs\\Laravel project\\laravel11-crash-course\\vendor\\laravel\\framework\\src\\Illuminate\\Database\\Connectors\\Connector.php(70): PDO->__construct('mysql:host=127....', 'root', '', Array)
#1 C:\\xampp\\htdocs\\Laravel project\\laravel11-crash-course\\vendor\\laravel\\framework\\src\\Illuminate\\Database\\Connectors\\Connector.php(46): Illuminate\\Database\\Connectors\\Connector->createPdoConnection('mysql:host=127....', 'root', '', Array)
#2 C:\\xampp\\htdocs\\Laravel project\\laravel11-crash-course\\vendor\\laravel\\framework\\src\\Illuminate\\Database\\Connectors\\MySqlConnector.php(24): Illuminate\\Database\\Connectors\\Connector->createConnection('mysql:host=127....', Array, Array)
#3 C:\\xampp\\htdocs\\Laravel project\\laravel11-crash-course\\vendor\\laravel\\framework\\src\\Illuminate\\Database\\Connectors\\ConnectionFactory.php(184): Illuminate\\Database\\Connectors\\MySqlConnector->connect(Array)
#4 [internal function]: Illuminate\\Database\\Connectors\\ConnectionFactory->Illuminate\\Database\\Connectors\\{closure}()
#5 C:\\xampp\\htdocs\\Laravel project\\laravel11-crash-course\\vendor\\laravel\\framework\\src\\Illuminate\\Database\\Connection.php(1181): call_user_func(Object(Closure))
#6 C:\\xampp\\htdocs\\Laravel project\\laravel11-crash-course\\vendor\\laravel\\framework\\src\\Illuminate\\Database\\Connection.php(486): Illuminate\\Database\\Connection->getPdo()
#7 C:\\xampp\\htdocs\\Laravel project\\laravel11-crash-course\\vendor\\laravel\\framework\\src\\Illuminate\\Database\\Connection.php(414): Illuminate\\Database\\Connection->getPdoForSelect(false)
#8 C:\\xampp\\htdocs\\Laravel project\\laravel11-crash-course\\vendor\\laravel\\framework\\src\\Illuminate\\Database\\Connection.php(753): Illuminate\\Database\\Connection->Illuminate\\Database\\{closure}('select * from i...', Array)
#9 C:\\xampp\\htdocs\\Laravel project\\laravel11-crash-course\\vendor\\laravel\\framework\\src\\Illuminate\\Database\\Connection.php(720): Illuminate\\Database\\Connection->runQueryCallback('select * from i...', Array, Object(Closure))
#10 C:\\xampp\\htdocs\\Laravel project\\laravel11-crash-course\\vendor\\laravel\\framework\\src\\Illuminate\\Database\\Connection.php(422): Illuminate\\Database\\Connection->run('select * from i...', Array, Object(Closure))
#11 C:\\xampp\\htdocs\\Laravel project\\laravel11-crash-course\\vendor\\laravel\\framework\\src\\Illuminate\\Database\\Connection.php(392): Illuminate\\Database\\Connection->select('select * from i...', Array, false)
#12 C:\\xampp\\htdocs\\Laravel project\\laravel11-crash-course\\vendor\\laravel\\framework\\src\\Illuminate\\Database\\Schema\\MySqlBuilder.php(44): Illuminate\\Database\\Connection->selectFromWriteConnection('select * from i...', Array)
#13 C:\\xampp\\htdocs\\Laravel project\\laravel11-crash-course\\vendor\\laravel\\framework\\src\\Illuminate\\Database\\Migrations\\DatabaseMigrationRepository.php(169): Illuminate\\Database\\Schema\\MySqlBuilder->hasTable('migrations')
#14 C:\\xampp\\htdocs\\Laravel project\\laravel11-crash-course\\vendor\\laravel\\framework\\src\\Illuminate\\Database\\Migrations\\Migrator.php(722): Illuminate\\Database\\Migrations\\DatabaseMigrationRepository->repositoryExists()
#15 C:\\xampp\\htdocs\\Laravel project\\laravel11-crash-course\\vendor\\laravel\\framework\\src\\Illuminate\\Database\\Console\\Migrations\\MigrateCommand.php(138): Illuminate\\Database\\Migrations\\Migrator->repositoryExists()
#16 C:\\xampp\\htdocs\\Laravel project\\laravel11-crash-course\\vendor\\laravel\\framework\\src\\Illuminate\\Support\\helpers.php(260): Illuminate\\Database\\Console\\Migrations\\MigrateCommand->Illuminate\\Database\\Console\\Migrations\\{closure}(1)
#17 C:\\xampp\\htdocs\\Laravel project\\laravel11-crash-course\\vendor\\laravel\\framework\\src\\Illuminate\\Database\\Console\\Migrations\\MigrateCommand.php(157): retry(1, Object(Closure), 0, Object(Closure))
#18 C:\\xampp\\htdocs\\Laravel project\\laravel11-crash-course\\vendor\\laravel\\framework\\src\\Illuminate\\Database\\Console\\Migrations\\MigrateCommand.php(114): Illuminate\\Database\\Console\\Migrations\\MigrateCommand->repositoryExists()
#19 C:\\xampp\\htdocs\\Laravel project\\laravel11-crash-course\\vendor\\laravel\\framework\\src\\Illuminate\\Database\\Console\\Migrations\\MigrateCommand.php(82): Illuminate\\Database\\Console\\Migrations\\MigrateCommand->prepareDatabase()
#20 C:\\xampp\\htdocs\\Laravel project\\laravel11-crash-course\\vendor\\laravel\\framework\\src\\Illuminate\\Database\\Migrations\\Migrator.php(636): Illuminate\\Database\\Console\\Migrations\\MigrateCommand->Illuminate\\Database\\Console\\Migrations\\{closure}()
#21 C:\\xampp\\htdocs\\Laravel project\\laravel11-crash-course\\vendor\\laravel\\framework\\src\\Illuminate\\Database\\Console\\Migrations\\MigrateCommand.php(102): Illuminate\\Database\\Migrations\\Migrator->usingConnection(NULL, Object(Closure))
#22 C:\\xampp\\htdocs\\Laravel project\\laravel11-crash-course\\vendor\\laravel\\framework\\src\\Illuminate\\Container\\BoundMethod.php(36): Illuminate\\Database\\Console\\Migrations\\MigrateCommand->handle()
#23 C:\\xampp\\htdocs\\Laravel project\\laravel11-crash-course\\vendor\\laravel\\framework\\src\\Illuminate\\Container\\Util.php(41): Illuminate\\Container\\BoundMethod::Illuminate\\Container\\{closure}()
#24 C:\\xampp\\htdocs\\Laravel project\\laravel11-crash-course\\vendor\\laravel\\framework\\src\\Illuminate\\Container\\BoundMethod.php(93): Illuminate\\Container\\Util::unwrapIfClosure(Object(Closure))
#25 C:\\xampp\\htdocs\\Laravel project\\laravel11-crash-course\\vendor\\laravel\\framework\\src\\Illuminate\\Container\\BoundMethod.php(37): Illuminate\\Container\\BoundMethod::callBoundMethod(Object(Illuminate\\Foundation\\Application), Array, Object(Closure))
#26 C:\\xampp\\htdocs\\Laravel project\\laravel11-crash-course\\vendor\\laravel\\framework\\src\\Illuminate\\Container\\Container.php(661): Illuminate\\Container\\BoundMethod::call(Object(Illuminate\\Foundation\\Application), Array, Array, NULL)
#27 C:\\xampp\\htdocs\\Laravel project\\laravel11-crash-course\\vendor\\laravel\\framework\\src\\Illuminate\\Console\\Command.php(183): Illuminate\\Container\\Container->call(Array)
#28 C:\\xampp\\htdocs\\Laravel project\\laravel11-crash-course\\vendor\\symfony\\console\\Command\\Command.php(291): Illuminate\\Console\\Command->execute(Object(Symfony\\Component\\Console\\Input\\ArgvInput), Object(Illuminate\\Console\\OutputStyle))
#29 C:\\xampp\\htdocs\\Laravel project\\laravel11-crash-course\\vendor\\laravel\\framework\\src\\Illuminate\\Console\\Command.php(153): Symfony\\Component\\Console\\Command\\Command->run(Object(Symfony\\Component\\Console\\Input\\ArgvInput), Object(Illuminate\\Console\\OutputStyle))
#30 C:\\xampp\\htdocs\\Laravel project\\laravel11-crash-course\\vendor\\symfony\\console\\Application.php(1014): Illuminate\\Console\\Command->run(Object(Symfony\\Component\\Console\\Input\\ArgvInput), Object(Symfony\\Component\\Console\\Output\\ConsoleOutput))
#31 C:\\xampp\\htdocs\\Laravel project\\laravel11-crash-course\\vendor\\symfony\\console\\Application.php(301): Symfony\\Component\\Console\\Application->doRunCommand(Object(Illuminate\\Database\\Console\\Migrations\\MigrateCommand), Object(Symfony\\Component\\Console\\Input\\ArgvInput), Object(Symfony\\Component\\Console\\Output\\ConsoleOutput))
#32 C:\\xampp\\htdocs\\Laravel project\\laravel11-crash-course\\vendor\\symfony\\console\\Application.php(171): Symfony\\Component\\Console\\Application->doRun(Object(Symfony\\Component\\Console\\Input\\ArgvInput), Object(Symfony\\Component\\Console\\Output\\ConsoleOutput))
#33 C:\\xampp\\htdocs\\Laravel project\\laravel11-crash-course\\vendor\\laravel\\framework\\src\\Illuminate\\Console\\Application.php(102): Symfony\\Component\\Console\\Application->run(Object(Symfony\\Component\\Console\\Input\\ArgvInput), Object(Symfony\\Component\\Console\\Output\\ConsoleOutput))
#34 C:\\xampp\\htdocs\\Laravel project\\laravel11-crash-course\\vendor\\laravel\\framework\\src\\Illuminate\\Foundation\\Console\\Kernel.php(155): Illuminate\\Console\\Application->run(Object(Symfony\\Component\\Console\\Input\\ArgvInput), Object(Symfony\\Component\\Console\\Output\\ConsoleOutput))
#35 C:\\xampp\\htdocs\\Laravel project\\laravel11-crash-course\\artisan(37): Illuminate\\Foundation\\Console\\Kernel->handle(Object(Symfony\\Component\\Console\\Input\\ArgvInput), Object(Symfony\\Component\\Console\\Output\\ConsoleOutput))
#36 {main}
"} 
[2025-08-22 05:33:39] local.ERROR: SQLSTATE[HY000]: General error: 1005 Can't create table `laravel`.`notes` (errno: 150 "Foreign key constraint is incorrectly formed") (SQL: alter table `notes` add constraint `notes_user_id_foreign` foreign key (`user_id`) references `user` (`id`)) {"exception":"[object] (Illuminate\\Database\\QueryException(code: HY000): SQLSTATE[HY000]: General error: 1005 Can't create table `laravel`.`notes` (errno: 150 \"Foreign key constraint is incorrectly formed\") (SQL: alter table `notes` add constraint `notes_user_id_foreign` foreign key (`user_id`) references `user` (`id`)) at C:\\xampp\\htdocs\\Laravel project\\laravel11-crash-course\\vendor\\laravel\\framework\\src\\Illuminate\\Database\\Connection.php:760)
[stacktrace]
#0 C:\\xampp\\htdocs\\Laravel project\\laravel11-crash-course\\vendor\\laravel\\framework\\src\\Illuminate\\Database\\Connection.php(720): Illuminate\\Database\\Connection->runQueryCallback('alter table `no...', Array, Object(Closure))
#1 C:\\xampp\\htdocs\\Laravel project\\laravel11-crash-course\\vendor\\laravel\\framework\\src\\Illuminate\\Database\\Connection.php(546): Illuminate\\Database\\Connection->run('alter table `no...', Array, Object(Closure))
#2 C:\\xampp\\htdocs\\Laravel project\\laravel11-crash-course\\vendor\\laravel\\framework\\src\\Illuminate\\Database\\Schema\\Blueprint.php(109): Illuminate\\Database\\Connection->statement('alter table `no...')
#3 C:\\xampp\\htdocs\\Laravel project\\laravel11-crash-course\\vendor\\laravel\\framework\\src\\Illuminate\\Database\\Schema\\Builder.php(439): Illuminate\\Database\\Schema\\Blueprint->build(Object(Illuminate\\Database\\MySqlConnection), Object(Illuminate\\Database\\Schema\\Grammars\\MySqlGrammar))
#4 C:\\xampp\\htdocs\\Laravel project\\laravel11-crash-course\\vendor\\laravel\\framework\\src\\Illuminate\\Database\\Schema\\Builder.php(285): Illuminate\\Database\\Schema\\Builder->build(Object(Illuminate\\Database\\Schema\\Blueprint))
#5 C:\\xampp\\htdocs\\Laravel project\\laravel11-crash-course\\vendor\\laravel\\framework\\src\\Illuminate\\Support\\Facades\\Facade.php(338): Illuminate\\Database\\Schema\\Builder->create('notes', Object(Closure))
#6 C:\\xampp\\htdocs\\Laravel project\\laravel11-crash-course\\database\\migrations\\2025_08_22_052233_create_notes_table.php(21): Illuminate\\Support\\Facades\\Facade::__callStatic('create', Array)
#7 C:\\xampp\\htdocs\\Laravel project\\laravel11-crash-course\\vendor\\laravel\\framework\\src\\Illuminate\\Database\\Migrations\\Migrator.php(496): Illuminate\\Database\\Migrations\\Migration@anonymous->up()
#8 C:\\xampp\\htdocs\\Laravel project\\laravel11-crash-course\\vendor\\laravel\\framework\\src\\Illuminate\\Database\\Migrations\\Migrator.php(414): Illuminate\\Database\\Migrations\\Migrator->runMethod(Object(Illuminate\\Database\\MySqlConnection), Object(Illuminate\\Database\\Migrations\\Migration@anonymous), 'up')
#9 C:\\xampp\\htdocs\\Laravel project\\laravel11-crash-course\\vendor\\laravel\\framework\\src\\Illuminate\\Database\\Migrations\\Migrator.php(423): Illuminate\\Database\\Migrations\\Migrator->Illuminate\\Database\\Migrations\\{closure}()
#10 C:\\xampp\\htdocs\\Laravel project\\laravel11-crash-course\\vendor\\laravel\\framework\\src\\Illuminate\\Database\\Migrations\\Migrator.php(224): Illuminate\\Database\\Migrations\\Migrator->runMigration(Object(Illuminate\\Database\\Migrations\\Migration@anonymous), 'up')
#11 C:\\xampp\\htdocs\\Laravel project\\laravel11-crash-course\\vendor\\laravel\\framework\\src\\Illuminate\\Console\\View\\Components\\Task.php(37): Illuminate\\Database\\Migrations\\Migrator->Illuminate\\Database\\Migrations\\{closure}()
#12 C:\\xampp\\htdocs\\Laravel project\\laravel11-crash-course\\vendor\\laravel\\framework\\src\\Illuminate\\Database\\Migrations\\Migrator.php(778): Illuminate\\Console\\View\\Components\\Task->render('2025_08_22_0522...', Object(Closure))
#13 C:\\xampp\\htdocs\\Laravel project\\laravel11-crash-course\\vendor\\laravel\\framework\\src\\Illuminate\\Database\\Migrations\\Migrator.php(224): Illuminate\\Database\\Migrations\\Migrator->write('Illuminate\\\\Cons...', '2025_08_22_0522...', Object(Closure))
#14 C:\\xampp\\htdocs\\Laravel project\\laravel11-crash-course\\vendor\\laravel\\framework\\src\\Illuminate\\Database\\Migrations\\Migrator.php(189): Illuminate\\Database\\Migrations\\Migrator->runUp('C:\\\\xampp\\\\htdocs...', 1, false)
#15 C:\\xampp\\htdocs\\Laravel project\\laravel11-crash-course\\vendor\\laravel\\framework\\src\\Illuminate\\Database\\Migrations\\Migrator.php(132): Illuminate\\Database\\Migrations\\Migrator->runPending(Array, Array)
#16 C:\\xampp\\htdocs\\Laravel project\\laravel11-crash-course\\vendor\\laravel\\framework\\src\\Illuminate\\Database\\Console\\Migrations\\MigrateCommand.php(90): Illuminate\\Database\\Migrations\\Migrator->run(Array, Array)
#17 C:\\xampp\\htdocs\\Laravel project\\laravel11-crash-course\\vendor\\laravel\\framework\\src\\Illuminate\\Database\\Migrations\\Migrator.php(636): Illuminate\\Database\\Console\\Migrations\\MigrateCommand->Illuminate\\Database\\Console\\Migrations\\{closure}()
#18 C:\\xampp\\htdocs\\Laravel project\\laravel11-crash-course\\vendor\\laravel\\framework\\src\\Illuminate\\Database\\Console\\Migrations\\MigrateCommand.php(102): Illuminate\\Database\\Migrations\\Migrator->usingConnection(NULL, Object(Closure))
#19 C:\\xampp\\htdocs\\Laravel project\\laravel11-crash-course\\vendor\\laravel\\framework\\src\\Illuminate\\Container\\BoundMethod.php(36): Illuminate\\Database\\Console\\Migrations\\MigrateCommand->handle()
#20 C:\\xampp\\htdocs\\Laravel project\\laravel11-crash-course\\vendor\\laravel\\framework\\src\\Illuminate\\Container\\Util.php(41): Illuminate\\Container\\BoundMethod::Illuminate\\Container\\{closure}()
#21 C:\\xampp\\htdocs\\Laravel project\\laravel11-crash-course\\vendor\\laravel\\framework\\src\\Illuminate\\Container\\BoundMethod.php(93): Illuminate\\Container\\Util::unwrapIfClosure(Object(Closure))
#22 C:\\xampp\\htdocs\\Laravel project\\laravel11-crash-course\\vendor\\laravel\\framework\\src\\Illuminate\\Container\\BoundMethod.php(37): Illuminate\\Container\\BoundMethod::callBoundMethod(Object(Illuminate\\Foundation\\Application), Array, Object(Closure))
#23 C:\\xampp\\htdocs\\Laravel project\\laravel11-crash-course\\vendor\\laravel\\framework\\src\\Illuminate\\Container\\Container.php(661): Illuminate\\Container\\BoundMethod::call(Object(Illuminate\\Foundation\\Application), Array, Array, NULL)
#24 C:\\xampp\\htdocs\\Laravel project\\laravel11-crash-course\\vendor\\laravel\\framework\\src\\Illuminate\\Console\\Command.php(183): Illuminate\\Container\\Container->call(Array)
#25 C:\\xampp\\htdocs\\Laravel project\\laravel11-crash-course\\vendor\\symfony\\console\\Command\\Command.php(291): Illuminate\\Console\\Command->execute(Object(Symfony\\Component\\Console\\Input\\ArgvInput), Object(Illuminate\\Console\\OutputStyle))
#26 C:\\xampp\\htdocs\\Laravel project\\laravel11-crash-course\\vendor\\laravel\\framework\\src\\Illuminate\\Console\\Command.php(153): Symfony\\Component\\Console\\Command\\Command->run(Object(Symfony\\Component\\Console\\Input\\ArgvInput), Object(Illuminate\\Console\\OutputStyle))
#27 C:\\xampp\\htdocs\\Laravel project\\laravel11-crash-course\\vendor\\symfony\\console\\Application.php(1014): Illuminate\\Console\\Command->run(Object(Symfony\\Component\\Console\\Input\\ArgvInput), Object(Symfony\\Component\\Console\\Output\\ConsoleOutput))
#28 C:\\xampp\\htdocs\\Laravel project\\laravel11-crash-course\\vendor\\symfony\\console\\Application.php(301): Symfony\\Component\\Console\\Application->doRunCommand(Object(Illuminate\\Database\\Console\\Migrations\\MigrateCommand), Object(Symfony\\Component\\Console\\Input\\ArgvInput), Object(Symfony\\Component\\Console\\Output\\ConsoleOutput))
#29 C:\\xampp\\htdocs\\Laravel project\\laravel11-crash-course\\vendor\\symfony\\console\\Application.php(171): Symfony\\Component\\Console\\Application->doRun(Object(Symfony\\Component\\Console\\Input\\ArgvInput), Object(Symfony\\Component\\Console\\Output\\ConsoleOutput))
#30 C:\\xampp\\htdocs\\Laravel project\\laravel11-crash-course\\vendor\\laravel\\framework\\src\\Illuminate\\Console\\Application.php(102): Symfony\\Component\\Console\\Application->run(Object(Symfony\\Component\\Console\\Input\\ArgvInput), Object(Symfony\\Component\\Console\\Output\\ConsoleOutput))
#31 C:\\xampp\\htdocs\\Laravel project\\laravel11-crash-course\\vendor\\laravel\\framework\\src\\Illuminate\\Foundation\\Console\\Kernel.php(155): Illuminate\\Console\\Application->run(Object(Symfony\\Component\\Console\\Input\\ArgvInput), Object(Symfony\\Component\\Console\\Output\\ConsoleOutput))
#32 C:\\xampp\\htdocs\\Laravel project\\laravel11-crash-course\\artisan(37): Illuminate\\Foundation\\Console\\Kernel->handle(Object(Symfony\\Component\\Console\\Input\\ArgvInput), Object(Symfony\\Component\\Console\\Output\\ConsoleOutput))
#33 {main}

[previous exception] [object] (PDOException(code: HY000): SQLSTATE[HY000]: General error: 1005 Can't create table `laravel`.`notes` (errno: 150 \"Foreign key constraint is incorrectly formed\") at C:\\xampp\\htdocs\\Laravel project\\laravel11-crash-course\\vendor\\laravel\\framework\\src\\Illuminate\\Database\\Connection.php:545)
[stacktrace]
#0 C:\\xampp\\htdocs\\Laravel project\\laravel11-crash-course\\vendor\\laravel\\framework\\src\\Illuminate\\Database\\Connection.php(545): PDOStatement->execute()
#1 C:\\xampp\\htdocs\\Laravel project\\laravel11-crash-course\\vendor\\laravel\\framework\\src\\Illuminate\\Database\\Connection.php(753): Illuminate\\Database\\Connection->Illuminate\\Database\\{closure}('alter table `no...', Array)
#2 C:\\xampp\\htdocs\\Laravel project\\laravel11-crash-course\\vendor\\laravel\\framework\\src\\Illuminate\\Database\\Connection.php(720): Illuminate\\Database\\Connection->runQueryCallback('alter table `no...', Array, Object(Closure))
#3 C:\\xampp\\htdocs\\Laravel project\\laravel11-crash-course\\vendor\\laravel\\framework\\src\\Illuminate\\Database\\Connection.php(546): Illuminate\\Database\\Connection->run('alter table `no...', Array, Object(Closure))
#4 C:\\xampp\\htdocs\\Laravel project\\laravel11-crash-course\\vendor\\laravel\\framework\\src\\Illuminate\\Database\\Schema\\Blueprint.php(109): Illuminate\\Database\\Connection->statement('alter table `no...')
#5 C:\\xampp\\htdocs\\Laravel project\\laravel11-crash-course\\vendor\\laravel\\framework\\src\\Illuminate\\Database\\Schema\\Builder.php(439): Illuminate\\Database\\Schema\\Blueprint->build(Object(Illuminate\\Database\\MySqlConnection), Object(Illuminate\\Database\\Schema\\Grammars\\MySqlGrammar))
#6 C:\\xampp\\htdocs\\Laravel project\\laravel11-crash-course\\vendor\\laravel\\framework\\src\\Illuminate\\Database\\Schema\\Builder.php(285): Illuminate\\Database\\Schema\\Builder->build(Object(Illuminate\\Database\\Schema\\Blueprint))
#7 C:\\xampp\\htdocs\\Laravel project\\laravel11-crash-course\\vendor\\laravel\\framework\\src\\Illuminate\\Support\\Facades\\Facade.php(338): Illuminate\\Database\\Schema\\Builder->create('notes', Object(Closure))
#8 C:\\xampp\\htdocs\\Laravel project\\laravel11-crash-course\\database\\migrations\\2025_08_22_052233_create_notes_table.php(21): Illuminate\\Support\\Facades\\Facade::__callStatic('create', Array)
#9 C:\\xampp\\htdocs\\Laravel project\\laravel11-crash-course\\vendor\\laravel\\framework\\src\\Illuminate\\Database\\Migrations\\Migrator.php(496): Illuminate\\Database\\Migrations\\Migration@anonymous->up()
#10 C:\\xampp\\htdocs\\Laravel project\\laravel11-crash-course\\vendor\\laravel\\framework\\src\\Illuminate\\Database\\Migrations\\Migrator.php(414): Illuminate\\Database\\Migrations\\Migrator->runMethod(Object(Illuminate\\Database\\MySqlConnection), Object(Illuminate\\Database\\Migrations\\Migration@anonymous), 'up')
#11 C:\\xampp\\htdocs\\Laravel project\\laravel11-crash-course\\vendor\\laravel\\framework\\src\\Illuminate\\Database\\Migrations\\Migrator.php(423): Illuminate\\Database\\Migrations\\Migrator->Illuminate\\Database\\Migrations\\{closure}()
#12 C:\\xampp\\htdocs\\Laravel project\\laravel11-crash-course\\vendor\\laravel\\framework\\src\\Illuminate\\Database\\Migrations\\Migrator.php(224): Illuminate\\Database\\Migrations\\Migrator->runMigration(Object(Illuminate\\Database\\Migrations\\Migration@anonymous), 'up')
#13 C:\\xampp\\htdocs\\Laravel project\\laravel11-crash-course\\vendor\\laravel\\framework\\src\\Illuminate\\Console\\View\\Components\\Task.php(37): Illuminate\\Database\\Migrations\\Migrator->Illuminate\\Database\\Migrations\\{closure}()
#14 C:\\xampp\\htdocs\\Laravel project\\laravel11-crash-course\\vendor\\laravel\\framework\\src\\Illuminate\\Database\\Migrations\\Migrator.php(778): Illuminate\\Console\\View\\Components\\Task->render('2025_08_22_0522...', Object(Closure))
#15 C:\\xampp\\htdocs\\Laravel project\\laravel11-crash-course\\vendor\\laravel\\framework\\src\\Illuminate\\Database\\Migrations\\Migrator.php(224): Illuminate\\Database\\Migrations\\Migrator->write('Illuminate\\\\Cons...', '2025_08_22_0522...', Object(Closure))
#16 C:\\xampp\\htdocs\\Laravel project\\laravel11-crash-course\\vendor\\laravel\\framework\\src\\Illuminate\\Database\\Migrations\\Migrator.php(189): Illuminate\\Database\\Migrations\\Migrator->runUp('C:\\\\xampp\\\\htdocs...', 1, false)
#17 C:\\xampp\\htdocs\\Laravel project\\laravel11-crash-course\\vendor\\laravel\\framework\\src\\Illuminate\\Database\\Migrations\\Migrator.php(132): Illuminate\\Database\\Migrations\\Migrator->runPending(Array, Array)
#18 C:\\xampp\\htdocs\\Laravel project\\laravel11-crash-course\\vendor\\laravel\\framework\\src\\Illuminate\\Database\\Console\\Migrations\\MigrateCommand.php(90): Illuminate\\Database\\Migrations\\Migrator->run(Array, Array)
#19 C:\\xampp\\htdocs\\Laravel project\\laravel11-crash-course\\vendor\\laravel\\framework\\src\\Illuminate\\Database\\Migrations\\Migrator.php(636): Illuminate\\Database\\Console\\Migrations\\MigrateCommand->Illuminate\\Database\\Console\\Migrations\\{closure}()
#20 C:\\xampp\\htdocs\\Laravel project\\laravel11-crash-course\\vendor\\laravel\\framework\\src\\Illuminate\\Database\\Console\\Migrations\\MigrateCommand.php(102): Illuminate\\Database\\Migrations\\Migrator->usingConnection(NULL, Object(Closure))
#21 C:\\xampp\\htdocs\\Laravel project\\laravel11-crash-course\\vendor\\laravel\\framework\\src\\Illuminate\\Container\\BoundMethod.php(36): Illuminate\\Database\\Console\\Migrations\\MigrateCommand->handle()
#22 C:\\xampp\\htdocs\\Laravel project\\laravel11-crash-course\\vendor\\laravel\\framework\\src\\Illuminate\\Container\\Util.php(41): Illuminate\\Container\\BoundMethod::Illuminate\\Container\\{closure}()
#23 C:\\xampp\\htdocs\\Laravel project\\laravel11-crash-course\\vendor\\laravel\\framework\\src\\Illuminate\\Container\\BoundMethod.php(93): Illuminate\\Container\\Util::unwrapIfClosure(Object(Closure))
#24 C:\\xampp\\htdocs\\Laravel project\\laravel11-crash-course\\vendor\\laravel\\framework\\src\\Illuminate\\Container\\BoundMethod.php(37): Illuminate\\Container\\BoundMethod::callBoundMethod(Object(Illuminate\\Foundation\\Application), Array, Object(Closure))
#25 C:\\xampp\\htdocs\\Laravel project\\laravel11-crash-course\\vendor\\laravel\\framework\\src\\Illuminate\\Container\\Container.php(661): Illuminate\\Container\\BoundMethod::call(Object(Illuminate\\Foundation\\Application), Array, Array, NULL)
#26 C:\\xampp\\htdocs\\Laravel project\\laravel11-crash-course\\vendor\\laravel\\framework\\src\\Illuminate\\Console\\Command.php(183): Illuminate\\Container\\Container->call(Array)
#27 C:\\xampp\\htdocs\\Laravel project\\laravel11-crash-course\\vendor\\symfony\\console\\Command\\Command.php(291): Illuminate\\Console\\Command->execute(Object(Symfony\\Component\\Console\\Input\\ArgvInput), Object(Illuminate\\Console\\OutputStyle))
#28 C:\\xampp\\htdocs\\Laravel project\\laravel11-crash-course\\vendor\\laravel\\framework\\src\\Illuminate\\Console\\Command.php(153): Symfony\\Component\\Console\\Command\\Command->run(Object(Symfony\\Component\\Console\\Input\\ArgvInput), Object(Illuminate\\Console\\OutputStyle))
#29 C:\\xampp\\htdocs\\Laravel project\\laravel11-crash-course\\vendor\\symfony\\console\\Application.php(1014): Illuminate\\Console\\Command->run(Object(Symfony\\Component\\Console\\Input\\ArgvInput), Object(Symfony\\Component\\Console\\Output\\ConsoleOutput))
#30 C:\\xampp\\htdocs\\Laravel project\\laravel11-crash-course\\vendor\\symfony\\console\\Application.php(301): Symfony\\Component\\Console\\Application->doRunCommand(Object(Illuminate\\Database\\Console\\Migrations\\MigrateCommand), Object(Symfony\\Component\\Console\\Input\\ArgvInput), Object(Symfony\\Component\\Console\\Output\\ConsoleOutput))
#31 C:\\xampp\\htdocs\\Laravel project\\laravel11-crash-course\\vendor\\symfony\\console\\Application.php(171): Symfony\\Component\\Console\\Application->doRun(Object(Symfony\\Component\\Console\\Input\\ArgvInput), Object(Symfony\\Component\\Console\\Output\\ConsoleOutput))
#32 C:\\xampp\\htdocs\\Laravel project\\laravel11-crash-course\\vendor\\laravel\\framework\\src\\Illuminate\\Console\\Application.php(102): Symfony\\Component\\Console\\Application->run(Object(Symfony\\Component\\Console\\Input\\ArgvInput), Object(Symfony\\Component\\Console\\Output\\ConsoleOutput))
#33 C:\\xampp\\htdocs\\Laravel project\\laravel11-crash-course\\vendor\\laravel\\framework\\src\\Illuminate\\Foundation\\Console\\Kernel.php(155): Illuminate\\Console\\Application->run(Object(Symfony\\Component\\Console\\Input\\ArgvInput), Object(Symfony\\Component\\Console\\Output\\ConsoleOutput))
#34 C:\\xampp\\htdocs\\Laravel project\\laravel11-crash-course\\artisan(37): Illuminate\\Foundation\\Console\\Kernel->handle(Object(Symfony\\Component\\Console\\Input\\ArgvInput), Object(Symfony\\Component\\Console\\Output\\ConsoleOutput))
#35 {main}
"} 
[2025-08-22 05:35:28] local.ERROR: SQLSTATE[42S01]: Base table or view already exists: 1050 Table 'notes' already exists (SQL: create table `notes` (`id` bigint unsigned not null auto_increment primary key, `note` longtext not null, `user_id` bigint unsigned not null, `created_at` timestamp null, `updated_at` timestamp null) default character set utf8mb4 collate 'utf8mb4_unicode_ci') {"exception":"[object] (Illuminate\\Database\\QueryException(code: 42S01): SQLSTATE[42S01]: Base table or view already exists: 1050 Table 'notes' already exists (SQL: create table `notes` (`id` bigint unsigned not null auto_increment primary key, `note` longtext not null, `user_id` bigint unsigned not null, `created_at` timestamp null, `updated_at` timestamp null) default character set utf8mb4 collate 'utf8mb4_unicode_ci') at C:\\xampp\\htdocs\\Laravel project\\laravel11-crash-course\\vendor\\laravel\\framework\\src\\Illuminate\\Database\\Connection.php:760)
[stacktrace]
#0 C:\\xampp\\htdocs\\Laravel project\\laravel11-crash-course\\vendor\\laravel\\framework\\src\\Illuminate\\Database\\Connection.php(720): Illuminate\\Database\\Connection->runQueryCallback('create table `n...', Array, Object(Closure))
#1 C:\\xampp\\htdocs\\Laravel project\\laravel11-crash-course\\vendor\\laravel\\framework\\src\\Illuminate\\Database\\Connection.php(546): Illuminate\\Database\\Connection->run('create table `n...', Array, Object(Closure))
#2 C:\\xampp\\htdocs\\Laravel project\\laravel11-crash-course\\vendor\\laravel\\framework\\src\\Illuminate\\Database\\Schema\\Blueprint.php(109): Illuminate\\Database\\Connection->statement('create table `n...')
#3 C:\\xampp\\htdocs\\Laravel project\\laravel11-crash-course\\vendor\\laravel\\framework\\src\\Illuminate\\Database\\Schema\\Builder.php(439): Illuminate\\Database\\Schema\\Blueprint->build(Object(Illuminate\\Database\\MySqlConnection), Object(Illuminate\\Database\\Schema\\Grammars\\MySqlGrammar))
#4 C:\\xampp\\htdocs\\Laravel project\\laravel11-crash-course\\vendor\\laravel\\framework\\src\\Illuminate\\Database\\Schema\\Builder.php(285): Illuminate\\Database\\Schema\\Builder->build(Object(Illuminate\\Database\\Schema\\Blueprint))
#5 C:\\xampp\\htdocs\\Laravel project\\laravel11-crash-course\\vendor\\laravel\\framework\\src\\Illuminate\\Support\\Facades\\Facade.php(338): Illuminate\\Database\\Schema\\Builder->create('notes', Object(Closure))
#6 C:\\xampp\\htdocs\\Laravel project\\laravel11-crash-course\\database\\migrations\\2025_08_22_052233_create_notes_table.php(21): Illuminate\\Support\\Facades\\Facade::__callStatic('create', Array)
#7 C:\\xampp\\htdocs\\Laravel project\\laravel11-crash-course\\vendor\\laravel\\framework\\src\\Illuminate\\Database\\Migrations\\Migrator.php(496): Illuminate\\Database\\Migrations\\Migration@anonymous->up()
#8 C:\\xampp\\htdocs\\Laravel project\\laravel11-crash-course\\vendor\\laravel\\framework\\src\\Illuminate\\Database\\Migrations\\Migrator.php(414): Illuminate\\Database\\Migrations\\Migrator->runMethod(Object(Illuminate\\Database\\MySqlConnection), Object(Illuminate\\Database\\Migrations\\Migration@anonymous), 'up')
#9 C:\\xampp\\htdocs\\Laravel project\\laravel11-crash-course\\vendor\\laravel\\framework\\src\\Illuminate\\Database\\Migrations\\Migrator.php(423): Illuminate\\Database\\Migrations\\Migrator->Illuminate\\Database\\Migrations\\{closure}()
#10 C:\\xampp\\htdocs\\Laravel project\\laravel11-crash-course\\vendor\\laravel\\framework\\src\\Illuminate\\Database\\Migrations\\Migrator.php(224): Illuminate\\Database\\Migrations\\Migrator->runMigration(Object(Illuminate\\Database\\Migrations\\Migration@anonymous), 'up')
#11 C:\\xampp\\htdocs\\Laravel project\\laravel11-crash-course\\vendor\\laravel\\framework\\src\\Illuminate\\Console\\View\\Components\\Task.php(37): Illuminate\\Database\\Migrations\\Migrator->Illuminate\\Database\\Migrations\\{closure}()
#12 C:\\xampp\\htdocs\\Laravel project\\laravel11-crash-course\\vendor\\laravel\\framework\\src\\Illuminate\\Database\\Migrations\\Migrator.php(778): Illuminate\\Console\\View\\Components\\Task->render('2025_08_22_0522...', Object(Closure))
#13 C:\\xampp\\htdocs\\Laravel project\\laravel11-crash-course\\vendor\\laravel\\framework\\src\\Illuminate\\Database\\Migrations\\Migrator.php(224): Illuminate\\Database\\Migrations\\Migrator->write('Illuminate\\\\Cons...', '2025_08_22_0522...', Object(Closure))
#14 C:\\xampp\\htdocs\\Laravel project\\laravel11-crash-course\\vendor\\laravel\\framework\\src\\Illuminate\\Database\\Migrations\\Migrator.php(189): Illuminate\\Database\\Migrations\\Migrator->runUp('C:\\\\xampp\\\\htdocs...', 2, false)
#15 C:\\xampp\\htdocs\\Laravel project\\laravel11-crash-course\\vendor\\laravel\\framework\\src\\Illuminate\\Database\\Migrations\\Migrator.php(132): Illuminate\\Database\\Migrations\\Migrator->runPending(Array, Array)
#16 C:\\xampp\\htdocs\\Laravel project\\laravel11-crash-course\\vendor\\laravel\\framework\\src\\Illuminate\\Database\\Console\\Migrations\\MigrateCommand.php(90): Illuminate\\Database\\Migrations\\Migrator->run(Array, Array)
#17 C:\\xampp\\htdocs\\Laravel project\\laravel11-crash-course\\vendor\\laravel\\framework\\src\\Illuminate\\Database\\Migrations\\Migrator.php(636): Illuminate\\Database\\Console\\Migrations\\MigrateCommand->Illuminate\\Database\\Console\\Migrations\\{closure}()
#18 C:\\xampp\\htdocs\\Laravel project\\laravel11-crash-course\\vendor\\laravel\\framework\\src\\Illuminate\\Database\\Console\\Migrations\\MigrateCommand.php(102): Illuminate\\Database\\Migrations\\Migrator->usingConnection(NULL, Object(Closure))
#19 C:\\xampp\\htdocs\\Laravel project\\laravel11-crash-course\\vendor\\laravel\\framework\\src\\Illuminate\\Container\\BoundMethod.php(36): Illuminate\\Database\\Console\\Migrations\\MigrateCommand->handle()
#20 C:\\xampp\\htdocs\\Laravel project\\laravel11-crash-course\\vendor\\laravel\\framework\\src\\Illuminate\\Container\\Util.php(41): Illuminate\\Container\\BoundMethod::Illuminate\\Container\\{closure}()
#21 C:\\xampp\\htdocs\\Laravel project\\laravel11-crash-course\\vendor\\laravel\\framework\\src\\Illuminate\\Container\\BoundMethod.php(93): Illuminate\\Container\\Util::unwrapIfClosure(Object(Closure))
#22 C:\\xampp\\htdocs\\Laravel project\\laravel11-crash-course\\vendor\\laravel\\framework\\src\\Illuminate\\Container\\BoundMethod.php(37): Illuminate\\Container\\BoundMethod::callBoundMethod(Object(Illuminate\\Foundation\\Application), Array, Object(Closure))
#23 C:\\xampp\\htdocs\\Laravel project\\laravel11-crash-course\\vendor\\laravel\\framework\\src\\Illuminate\\Container\\Container.php(661): Illuminate\\Container\\BoundMethod::call(Object(Illuminate\\Foundation\\Application), Array, Array, NULL)
#24 C:\\xampp\\htdocs\\Laravel project\\laravel11-crash-course\\vendor\\laravel\\framework\\src\\Illuminate\\Console\\Command.php(183): Illuminate\\Container\\Container->call(Array)
#25 C:\\xampp\\htdocs\\Laravel project\\laravel11-crash-course\\vendor\\symfony\\console\\Command\\Command.php(291): Illuminate\\Console\\Command->execute(Object(Symfony\\Component\\Console\\Input\\ArgvInput), Object(Illuminate\\Console\\OutputStyle))
#26 C:\\xampp\\htdocs\\Laravel project\\laravel11-crash-course\\vendor\\laravel\\framework\\src\\Illuminate\\Console\\Command.php(153): Symfony\\Component\\Console\\Command\\Command->run(Object(Symfony\\Component\\Console\\Input\\ArgvInput), Object(Illuminate\\Console\\OutputStyle))
#27 C:\\xampp\\htdocs\\Laravel project\\laravel11-crash-course\\vendor\\symfony\\console\\Application.php(1014): Illuminate\\Console\\Command->run(Object(Symfony\\Component\\Console\\Input\\ArgvInput), Object(Symfony\\Component\\Console\\Output\\ConsoleOutput))
#28 C:\\xampp\\htdocs\\Laravel project\\laravel11-crash-course\\vendor\\symfony\\console\\Application.php(301): Symfony\\Component\\Console\\Application->doRunCommand(Object(Illuminate\\Database\\Console\\Migrations\\MigrateCommand), Object(Symfony\\Component\\Console\\Input\\ArgvInput), Object(Symfony\\Component\\Console\\Output\\ConsoleOutput))
#29 C:\\xampp\\htdocs\\Laravel project\\laravel11-crash-course\\vendor\\symfony\\console\\Application.php(171): Symfony\\Component\\Console\\Application->doRun(Object(Symfony\\Component\\Console\\Input\\ArgvInput), Object(Symfony\\Component\\Console\\Output\\ConsoleOutput))
#30 C:\\xampp\\htdocs\\Laravel project\\laravel11-crash-course\\vendor\\laravel\\framework\\src\\Illuminate\\Console\\Application.php(102): Symfony\\Component\\Console\\Application->run(Object(Symfony\\Component\\Console\\Input\\ArgvInput), Object(Symfony\\Component\\Console\\Output\\ConsoleOutput))
#31 C:\\xampp\\htdocs\\Laravel project\\laravel11-crash-course\\vendor\\laravel\\framework\\src\\Illuminate\\Foundation\\Console\\Kernel.php(155): Illuminate\\Console\\Application->run(Object(Symfony\\Component\\Console\\Input\\ArgvInput), Object(Symfony\\Component\\Console\\Output\\ConsoleOutput))
#32 C:\\xampp\\htdocs\\Laravel project\\laravel11-crash-course\\artisan(37): Illuminate\\Foundation\\Console\\Kernel->handle(Object(Symfony\\Component\\Console\\Input\\ArgvInput), Object(Symfony\\Component\\Console\\Output\\ConsoleOutput))
#33 {main}

[previous exception] [object] (PDOException(code: 42S01): SQLSTATE[42S01]: Base table or view already exists: 1050 Table 'notes' already exists at C:\\xampp\\htdocs\\Laravel project\\laravel11-crash-course\\vendor\\laravel\\framework\\src\\Illuminate\\Database\\Connection.php:545)
[stacktrace]
#0 C:\\xampp\\htdocs\\Laravel project\\laravel11-crash-course\\vendor\\laravel\\framework\\src\\Illuminate\\Database\\Connection.php(545): PDOStatement->execute()
#1 C:\\xampp\\htdocs\\Laravel project\\laravel11-crash-course\\vendor\\laravel\\framework\\src\\Illuminate\\Database\\Connection.php(753): Illuminate\\Database\\Connection->Illuminate\\Database\\{closure}('create table `n...', Array)
#2 C:\\xampp\\htdocs\\Laravel project\\laravel11-crash-course\\vendor\\laravel\\framework\\src\\Illuminate\\Database\\Connection.php(720): Illuminate\\Database\\Connection->runQueryCallback('create table `n...', Array, Object(Closure))
#3 C:\\xampp\\htdocs\\Laravel project\\laravel11-crash-course\\vendor\\laravel\\framework\\src\\Illuminate\\Database\\Connection.php(546): Illuminate\\Database\\Connection->run('create table `n...', Array, Object(Closure))
#4 C:\\xampp\\htdocs\\Laravel project\\laravel11-crash-course\\vendor\\laravel\\framework\\src\\Illuminate\\Database\\Schema\\Blueprint.php(109): Illuminate\\Database\\Connection->statement('create table `n...')
#5 C:\\xampp\\htdocs\\Laravel project\\laravel11-crash-course\\vendor\\laravel\\framework\\src\\Illuminate\\Database\\Schema\\Builder.php(439): Illuminate\\Database\\Schema\\Blueprint->build(Object(Illuminate\\Database\\MySqlConnection), Object(Illuminate\\Database\\Schema\\Grammars\\MySqlGrammar))
#6 C:\\xampp\\htdocs\\Laravel project\\laravel11-crash-course\\vendor\\laravel\\framework\\src\\Illuminate\\Database\\Schema\\Builder.php(285): Illuminate\\Database\\Schema\\Builder->build(Object(Illuminate\\Database\\Schema\\Blueprint))
#7 C:\\xampp\\htdocs\\Laravel project\\laravel11-crash-course\\vendor\\laravel\\framework\\src\\Illuminate\\Support\\Facades\\Facade.php(338): Illuminate\\Database\\Schema\\Builder->create('notes', Object(Closure))
#8 C:\\xampp\\htdocs\\Laravel project\\laravel11-crash-course\\database\\migrations\\2025_08_22_052233_create_notes_table.php(21): Illuminate\\Support\\Facades\\Facade::__callStatic('create', Array)
#9 C:\\xampp\\htdocs\\Laravel project\\laravel11-crash-course\\vendor\\laravel\\framework\\src\\Illuminate\\Database\\Migrations\\Migrator.php(496): Illuminate\\Database\\Migrations\\Migration@anonymous->up()
#10 C:\\xampp\\htdocs\\Laravel project\\laravel11-crash-course\\vendor\\laravel\\framework\\src\\Illuminate\\Database\\Migrations\\Migrator.php(414): Illuminate\\Database\\Migrations\\Migrator->runMethod(Object(Illuminate\\Database\\MySqlConnection), Object(Illuminate\\Database\\Migrations\\Migration@anonymous), 'up')
#11 C:\\xampp\\htdocs\\Laravel project\\laravel11-crash-course\\vendor\\laravel\\framework\\src\\Illuminate\\Database\\Migrations\\Migrator.php(423): Illuminate\\Database\\Migrations\\Migrator->Illuminate\\Database\\Migrations\\{closure}()
#12 C:\\xampp\\htdocs\\Laravel project\\laravel11-crash-course\\vendor\\laravel\\framework\\src\\Illuminate\\Database\\Migrations\\Migrator.php(224): Illuminate\\Database\\Migrations\\Migrator->runMigration(Object(Illuminate\\Database\\Migrations\\Migration@anonymous), 'up')
#13 C:\\xampp\\htdocs\\Laravel project\\laravel11-crash-course\\vendor\\laravel\\framework\\src\\Illuminate\\Console\\View\\Components\\Task.php(37): Illuminate\\Database\\Migrations\\Migrator->Illuminate\\Database\\Migrations\\{closure}()
#14 C:\\xampp\\htdocs\\Laravel project\\laravel11-crash-course\\vendor\\laravel\\framework\\src\\Illuminate\\Database\\Migrations\\Migrator.php(778): Illuminate\\Console\\View\\Components\\Task->render('2025_08_22_0522...', Object(Closure))
#15 C:\\xampp\\htdocs\\Laravel project\\laravel11-crash-course\\vendor\\laravel\\framework\\src\\Illuminate\\Database\\Migrations\\Migrator.php(224): Illuminate\\Database\\Migrations\\Migrator->write('Illuminate\\\\Cons...', '2025_08_22_0522...', Object(Closure))
#16 C:\\xampp\\htdocs\\Laravel project\\laravel11-crash-course\\vendor\\laravel\\framework\\src\\Illuminate\\Database\\Migrations\\Migrator.php(189): Illuminate\\Database\\Migrations\\Migrator->runUp('C:\\\\xampp\\\\htdocs...', 2, false)
#17 C:\\xampp\\htdocs\\Laravel project\\laravel11-crash-course\\vendor\\laravel\\framework\\src\\Illuminate\\Database\\Migrations\\Migrator.php(132): Illuminate\\Database\\Migrations\\Migrator->runPending(Array, Array)
#18 C:\\xampp\\htdocs\\Laravel project\\laravel11-crash-course\\vendor\\laravel\\framework\\src\\Illuminate\\Database\\Console\\Migrations\\MigrateCommand.php(90): Illuminate\\Database\\Migrations\\Migrator->run(Array, Array)
#19 C:\\xampp\\htdocs\\Laravel project\\laravel11-crash-course\\vendor\\laravel\\framework\\src\\Illuminate\\Database\\Migrations\\Migrator.php(636): Illuminate\\Database\\Console\\Migrations\\MigrateCommand->Illuminate\\Database\\Console\\Migrations\\{closure}()
#20 C:\\xampp\\htdocs\\Laravel project\\laravel11-crash-course\\vendor\\laravel\\framework\\src\\Illuminate\\Database\\Console\\Migrations\\MigrateCommand.php(102): Illuminate\\Database\\Migrations\\Migrator->usingConnection(NULL, Object(Closure))
#21 C:\\xampp\\htdocs\\Laravel project\\laravel11-crash-course\\vendor\\laravel\\framework\\src\\Illuminate\\Container\\BoundMethod.php(36): Illuminate\\Database\\Console\\Migrations\\MigrateCommand->handle()
#22 C:\\xampp\\htdocs\\Laravel project\\laravel11-crash-course\\vendor\\laravel\\framework\\src\\Illuminate\\Container\\Util.php(41): Illuminate\\Container\\BoundMethod::Illuminate\\Container\\{closure}()
#23 C:\\xampp\\htdocs\\Laravel project\\laravel11-crash-course\\vendor\\laravel\\framework\\src\\Illuminate\\Container\\BoundMethod.php(93): Illuminate\\Container\\Util::unwrapIfClosure(Object(Closure))
#24 C:\\xampp\\htdocs\\Laravel project\\laravel11-crash-course\\vendor\\laravel\\framework\\src\\Illuminate\\Container\\BoundMethod.php(37): Illuminate\\Container\\BoundMethod::callBoundMethod(Object(Illuminate\\Foundation\\Application), Array, Object(Closure))
#25 C:\\xampp\\htdocs\\Laravel project\\laravel11-crash-course\\vendor\\laravel\\framework\\src\\Illuminate\\Container\\Container.php(661): Illuminate\\Container\\BoundMethod::call(Object(Illuminate\\Foundation\\Application), Array, Array, NULL)
#26 C:\\xampp\\htdocs\\Laravel project\\laravel11-crash-course\\vendor\\laravel\\framework\\src\\Illuminate\\Console\\Command.php(183): Illuminate\\Container\\Container->call(Array)
#27 C:\\xampp\\htdocs\\Laravel project\\laravel11-crash-course\\vendor\\symfony\\console\\Command\\Command.php(291): Illuminate\\Console\\Command->execute(Object(Symfony\\Component\\Console\\Input\\ArgvInput), Object(Illuminate\\Console\\OutputStyle))
#28 C:\\xampp\\htdocs\\Laravel project\\laravel11-crash-course\\vendor\\laravel\\framework\\src\\Illuminate\\Console\\Command.php(153): Symfony\\Component\\Console\\Command\\Command->run(Object(Symfony\\Component\\Console\\Input\\ArgvInput), Object(Illuminate\\Console\\OutputStyle))
#29 C:\\xampp\\htdocs\\Laravel project\\laravel11-crash-course\\vendor\\symfony\\console\\Application.php(1014): Illuminate\\Console\\Command->run(Object(Symfony\\Component\\Console\\Input\\ArgvInput), Object(Symfony\\Component\\Console\\Output\\ConsoleOutput))
#30 C:\\xampp\\htdocs\\Laravel project\\laravel11-crash-course\\vendor\\symfony\\console\\Application.php(301): Symfony\\Component\\Console\\Application->doRunCommand(Object(Illuminate\\Database\\Console\\Migrations\\MigrateCommand), Object(Symfony\\Component\\Console\\Input\\ArgvInput), Object(Symfony\\Component\\Console\\Output\\ConsoleOutput))
#31 C:\\xampp\\htdocs\\Laravel project\\laravel11-crash-course\\vendor\\symfony\\console\\Application.php(171): Symfony\\Component\\Console\\Application->doRun(Object(Symfony\\Component\\Console\\Input\\ArgvInput), Object(Symfony\\Component\\Console\\Output\\ConsoleOutput))
#32 C:\\xampp\\htdocs\\Laravel project\\laravel11-crash-course\\vendor\\laravel\\framework\\src\\Illuminate\\Console\\Application.php(102): Symfony\\Component\\Console\\Application->run(Object(Symfony\\Component\\Console\\Input\\ArgvInput), Object(Symfony\\Component\\Console\\Output\\ConsoleOutput))
#33 C:\\xampp\\htdocs\\Laravel project\\laravel11-crash-course\\vendor\\laravel\\framework\\src\\Illuminate\\Foundation\\Console\\Kernel.php(155): Illuminate\\Console\\Application->run(Object(Symfony\\Component\\Console\\Input\\ArgvInput), Object(Symfony\\Component\\Console\\Output\\ConsoleOutput))
#34 C:\\xampp\\htdocs\\Laravel project\\laravel11-crash-course\\artisan(37): Illuminate\\Foundation\\Console\\Kernel->handle(Object(Symfony\\Component\\Console\\Input\\ArgvInput), Object(Symfony\\Component\\Console\\Output\\ConsoleOutput))
#35 {main}
"} 
[2025-08-22 05:36:46] local.ERROR: SQLSTATE[42S01]: Base table or view already exists: 1050 Table 'notes' already exists (SQL: create table `notes` (`id` bigint unsigned not null auto_increment primary key, `note` longtext not null, `user_id` bigint unsigned not null, `created_at` timestamp null, `updated_at` timestamp null) default character set utf8mb4 collate 'utf8mb4_unicode_ci') {"exception":"[object] (Illuminate\\Database\\QueryException(code: 42S01): SQLSTATE[42S01]: Base table or view already exists: 1050 Table 'notes' already exists (SQL: create table `notes` (`id` bigint unsigned not null auto_increment primary key, `note` longtext not null, `user_id` bigint unsigned not null, `created_at` timestamp null, `updated_at` timestamp null) default character set utf8mb4 collate 'utf8mb4_unicode_ci') at C:\\xampp\\htdocs\\Laravel project\\laravel11-crash-course\\vendor\\laravel\\framework\\src\\Illuminate\\Database\\Connection.php:760)
[stacktrace]
#0 C:\\xampp\\htdocs\\Laravel project\\laravel11-crash-course\\vendor\\laravel\\framework\\src\\Illuminate\\Database\\Connection.php(720): Illuminate\\Database\\Connection->runQueryCallback('create table `n...', Array, Object(Closure))
#1 C:\\xampp\\htdocs\\Laravel project\\laravel11-crash-course\\vendor\\laravel\\framework\\src\\Illuminate\\Database\\Connection.php(546): Illuminate\\Database\\Connection->run('create table `n...', Array, Object(Closure))
#2 C:\\xampp\\htdocs\\Laravel project\\laravel11-crash-course\\vendor\\laravel\\framework\\src\\Illuminate\\Database\\Schema\\Blueprint.php(109): Illuminate\\Database\\Connection->statement('create table `n...')
#3 C:\\xampp\\htdocs\\Laravel project\\laravel11-crash-course\\vendor\\laravel\\framework\\src\\Illuminate\\Database\\Schema\\Builder.php(439): Illuminate\\Database\\Schema\\Blueprint->build(Object(Illuminate\\Database\\MySqlConnection), Object(Illuminate\\Database\\Schema\\Grammars\\MySqlGrammar))
#4 C:\\xampp\\htdocs\\Laravel project\\laravel11-crash-course\\vendor\\laravel\\framework\\src\\Illuminate\\Database\\Schema\\Builder.php(285): Illuminate\\Database\\Schema\\Builder->build(Object(Illuminate\\Database\\Schema\\Blueprint))
#5 C:\\xampp\\htdocs\\Laravel project\\laravel11-crash-course\\vendor\\laravel\\framework\\src\\Illuminate\\Support\\Facades\\Facade.php(338): Illuminate\\Database\\Schema\\Builder->create('notes', Object(Closure))
#6 C:\\xampp\\htdocs\\Laravel project\\laravel11-crash-course\\database\\migrations\\2025_08_22_052233_create_notes_table.php(21): Illuminate\\Support\\Facades\\Facade::__callStatic('create', Array)
#7 C:\\xampp\\htdocs\\Laravel project\\laravel11-crash-course\\vendor\\laravel\\framework\\src\\Illuminate\\Database\\Migrations\\Migrator.php(496): Illuminate\\Database\\Migrations\\Migration@anonymous->up()
#8 C:\\xampp\\htdocs\\Laravel project\\laravel11-crash-course\\vendor\\laravel\\framework\\src\\Illuminate\\Database\\Migrations\\Migrator.php(414): Illuminate\\Database\\Migrations\\Migrator->runMethod(Object(Illuminate\\Database\\MySqlConnection), Object(Illuminate\\Database\\Migrations\\Migration@anonymous), 'up')
#9 C:\\xampp\\htdocs\\Laravel project\\laravel11-crash-course\\vendor\\laravel\\framework\\src\\Illuminate\\Database\\Migrations\\Migrator.php(423): Illuminate\\Database\\Migrations\\Migrator->Illuminate\\Database\\Migrations\\{closure}()
#10 C:\\xampp\\htdocs\\Laravel project\\laravel11-crash-course\\vendor\\laravel\\framework\\src\\Illuminate\\Database\\Migrations\\Migrator.php(224): Illuminate\\Database\\Migrations\\Migrator->runMigration(Object(Illuminate\\Database\\Migrations\\Migration@anonymous), 'up')
#11 C:\\xampp\\htdocs\\Laravel project\\laravel11-crash-course\\vendor\\laravel\\framework\\src\\Illuminate\\Console\\View\\Components\\Task.php(37): Illuminate\\Database\\Migrations\\Migrator->Illuminate\\Database\\Migrations\\{closure}()
#12 C:\\xampp\\htdocs\\Laravel project\\laravel11-crash-course\\vendor\\laravel\\framework\\src\\Illuminate\\Database\\Migrations\\Migrator.php(778): Illuminate\\Console\\View\\Components\\Task->render('2025_08_22_0522...', Object(Closure))
#13 C:\\xampp\\htdocs\\Laravel project\\laravel11-crash-course\\vendor\\laravel\\framework\\src\\Illuminate\\Database\\Migrations\\Migrator.php(224): Illuminate\\Database\\Migrations\\Migrator->write('Illuminate\\\\Cons...', '2025_08_22_0522...', Object(Closure))
#14 C:\\xampp\\htdocs\\Laravel project\\laravel11-crash-course\\vendor\\laravel\\framework\\src\\Illuminate\\Database\\Migrations\\Migrator.php(189): Illuminate\\Database\\Migrations\\Migrator->runUp('C:\\\\xampp\\\\htdocs...', 1, false)
#15 C:\\xampp\\htdocs\\Laravel project\\laravel11-crash-course\\vendor\\laravel\\framework\\src\\Illuminate\\Database\\Migrations\\Migrator.php(132): Illuminate\\Database\\Migrations\\Migrator->runPending(Array, Array)
#16 C:\\xampp\\htdocs\\Laravel project\\laravel11-crash-course\\vendor\\laravel\\framework\\src\\Illuminate\\Database\\Console\\Migrations\\MigrateCommand.php(90): Illuminate\\Database\\Migrations\\Migrator->run(Array, Array)
#17 C:\\xampp\\htdocs\\Laravel project\\laravel11-crash-course\\vendor\\laravel\\framework\\src\\Illuminate\\Database\\Migrations\\Migrator.php(636): Illuminate\\Database\\Console\\Migrations\\MigrateCommand->Illuminate\\Database\\Console\\Migrations\\{closure}()
#18 C:\\xampp\\htdocs\\Laravel project\\laravel11-crash-course\\vendor\\laravel\\framework\\src\\Illuminate\\Database\\Console\\Migrations\\MigrateCommand.php(102): Illuminate\\Database\\Migrations\\Migrator->usingConnection(NULL, Object(Closure))
#19 C:\\xampp\\htdocs\\Laravel project\\laravel11-crash-course\\vendor\\laravel\\framework\\src\\Illuminate\\Container\\BoundMethod.php(36): Illuminate\\Database\\Console\\Migrations\\MigrateCommand->handle()
#20 C:\\xampp\\htdocs\\Laravel project\\laravel11-crash-course\\vendor\\laravel\\framework\\src\\Illuminate\\Container\\Util.php(41): Illuminate\\Container\\BoundMethod::Illuminate\\Container\\{closure}()
#21 C:\\xampp\\htdocs\\Laravel project\\laravel11-crash-course\\vendor\\laravel\\framework\\src\\Illuminate\\Container\\BoundMethod.php(93): Illuminate\\Container\\Util::unwrapIfClosure(Object(Closure))
#22 C:\\xampp\\htdocs\\Laravel project\\laravel11-crash-course\\vendor\\laravel\\framework\\src\\Illuminate\\Container\\BoundMethod.php(37): Illuminate\\Container\\BoundMethod::callBoundMethod(Object(Illuminate\\Foundation\\Application), Array, Object(Closure))
#23 C:\\xampp\\htdocs\\Laravel project\\laravel11-crash-course\\vendor\\laravel\\framework\\src\\Illuminate\\Container\\Container.php(661): Illuminate\\Container\\BoundMethod::call(Object(Illuminate\\Foundation\\Application), Array, Array, NULL)
#24 C:\\xampp\\htdocs\\Laravel project\\laravel11-crash-course\\vendor\\laravel\\framework\\src\\Illuminate\\Console\\Command.php(183): Illuminate\\Container\\Container->call(Array)
#25 C:\\xampp\\htdocs\\Laravel project\\laravel11-crash-course\\vendor\\symfony\\console\\Command\\Command.php(291): Illuminate\\Console\\Command->execute(Object(Symfony\\Component\\Console\\Input\\ArgvInput), Object(Illuminate\\Console\\OutputStyle))
#26 C:\\xampp\\htdocs\\Laravel project\\laravel11-crash-course\\vendor\\laravel\\framework\\src\\Illuminate\\Console\\Command.php(153): Symfony\\Component\\Console\\Command\\Command->run(Object(Symfony\\Component\\Console\\Input\\ArgvInput), Object(Illuminate\\Console\\OutputStyle))
#27 C:\\xampp\\htdocs\\Laravel project\\laravel11-crash-course\\vendor\\symfony\\console\\Application.php(1014): Illuminate\\Console\\Command->run(Object(Symfony\\Component\\Console\\Input\\ArgvInput), Object(Symfony\\Component\\Console\\Output\\ConsoleOutput))
#28 C:\\xampp\\htdocs\\Laravel project\\laravel11-crash-course\\vendor\\symfony\\console\\Application.php(301): Symfony\\Component\\Console\\Application->doRunCommand(Object(Illuminate\\Database\\Console\\Migrations\\MigrateCommand), Object(Symfony\\Component\\Console\\Input\\ArgvInput), Object(Symfony\\Component\\Console\\Output\\ConsoleOutput))
#29 C:\\xampp\\htdocs\\Laravel project\\laravel11-crash-course\\vendor\\symfony\\console\\Application.php(171): Symfony\\Component\\Console\\Application->doRun(Object(Symfony\\Component\\Console\\Input\\ArgvInput), Object(Symfony\\Component\\Console\\Output\\ConsoleOutput))
#30 C:\\xampp\\htdocs\\Laravel project\\laravel11-crash-course\\vendor\\laravel\\framework\\src\\Illuminate\\Console\\Application.php(102): Symfony\\Component\\Console\\Application->run(Object(Symfony\\Component\\Console\\Input\\ArgvInput), Object(Symfony\\Component\\Console\\Output\\ConsoleOutput))
#31 C:\\xampp\\htdocs\\Laravel project\\laravel11-crash-course\\vendor\\laravel\\framework\\src\\Illuminate\\Foundation\\Console\\Kernel.php(155): Illuminate\\Console\\Application->run(Object(Symfony\\Component\\Console\\Input\\ArgvInput), Object(Symfony\\Component\\Console\\Output\\ConsoleOutput))
#32 C:\\xampp\\htdocs\\Laravel project\\laravel11-crash-course\\artisan(37): Illuminate\\Foundation\\Console\\Kernel->handle(Object(Symfony\\Component\\Console\\Input\\ArgvInput), Object(Symfony\\Component\\Console\\Output\\ConsoleOutput))
#33 {main}

[previous exception] [object] (PDOException(code: 42S01): SQLSTATE[42S01]: Base table or view already exists: 1050 Table 'notes' already exists at C:\\xampp\\htdocs\\Laravel project\\laravel11-crash-course\\vendor\\laravel\\framework\\src\\Illuminate\\Database\\Connection.php:545)
[stacktrace]
#0 C:\\xampp\\htdocs\\Laravel project\\laravel11-crash-course\\vendor\\laravel\\framework\\src\\Illuminate\\Database\\Connection.php(545): PDOStatement->execute()
#1 C:\\xampp\\htdocs\\Laravel project\\laravel11-crash-course\\vendor\\laravel\\framework\\src\\Illuminate\\Database\\Connection.php(753): Illuminate\\Database\\Connection->Illuminate\\Database\\{closure}('create table `n...', Array)
#2 C:\\xampp\\htdocs\\Laravel project\\laravel11-crash-course\\vendor\\laravel\\framework\\src\\Illuminate\\Database\\Connection.php(720): Illuminate\\Database\\Connection->runQueryCallback('create table `n...', Array, Object(Closure))
#3 C:\\xampp\\htdocs\\Laravel project\\laravel11-crash-course\\vendor\\laravel\\framework\\src\\Illuminate\\Database\\Connection.php(546): Illuminate\\Database\\Connection->run('create table `n...', Array, Object(Closure))
#4 C:\\xampp\\htdocs\\Laravel project\\laravel11-crash-course\\vendor\\laravel\\framework\\src\\Illuminate\\Database\\Schema\\Blueprint.php(109): Illuminate\\Database\\Connection->statement('create table `n...')
#5 C:\\xampp\\htdocs\\Laravel project\\laravel11-crash-course\\vendor\\laravel\\framework\\src\\Illuminate\\Database\\Schema\\Builder.php(439): Illuminate\\Database\\Schema\\Blueprint->build(Object(Illuminate\\Database\\MySqlConnection), Object(Illuminate\\Database\\Schema\\Grammars\\MySqlGrammar))
#6 C:\\xampp\\htdocs\\Laravel project\\laravel11-crash-course\\vendor\\laravel\\framework\\src\\Illuminate\\Database\\Schema\\Builder.php(285): Illuminate\\Database\\Schema\\Builder->build(Object(Illuminate\\Database\\Schema\\Blueprint))
#7 C:\\xampp\\htdocs\\Laravel project\\laravel11-crash-course\\vendor\\laravel\\framework\\src\\Illuminate\\Support\\Facades\\Facade.php(338): Illuminate\\Database\\Schema\\Builder->create('notes', Object(Closure))
#8 C:\\xampp\\htdocs\\Laravel project\\laravel11-crash-course\\database\\migrations\\2025_08_22_052233_create_notes_table.php(21): Illuminate\\Support\\Facades\\Facade::__callStatic('create', Array)
#9 C:\\xampp\\htdocs\\Laravel project\\laravel11-crash-course\\vendor\\laravel\\framework\\src\\Illuminate\\Database\\Migrations\\Migrator.php(496): Illuminate\\Database\\Migrations\\Migration@anonymous->up()
#10 C:\\xampp\\htdocs\\Laravel project\\laravel11-crash-course\\vendor\\laravel\\framework\\src\\Illuminate\\Database\\Migrations\\Migrator.php(414): Illuminate\\Database\\Migrations\\Migrator->runMethod(Object(Illuminate\\Database\\MySqlConnection), Object(Illuminate\\Database\\Migrations\\Migration@anonymous), 'up')
#11 C:\\xampp\\htdocs\\Laravel project\\laravel11-crash-course\\vendor\\laravel\\framework\\src\\Illuminate\\Database\\Migrations\\Migrator.php(423): Illuminate\\Database\\Migrations\\Migrator->Illuminate\\Database\\Migrations\\{closure}()
#12 C:\\xampp\\htdocs\\Laravel project\\laravel11-crash-course\\vendor\\laravel\\framework\\src\\Illuminate\\Database\\Migrations\\Migrator.php(224): Illuminate\\Database\\Migrations\\Migrator->runMigration(Object(Illuminate\\Database\\Migrations\\Migration@anonymous), 'up')
#13 C:\\xampp\\htdocs\\Laravel project\\laravel11-crash-course\\vendor\\laravel\\framework\\src\\Illuminate\\Console\\View\\Components\\Task.php(37): Illuminate\\Database\\Migrations\\Migrator->Illuminate\\Database\\Migrations\\{closure}()
#14 C:\\xampp\\htdocs\\Laravel project\\laravel11-crash-course\\vendor\\laravel\\framework\\src\\Illuminate\\Database\\Migrations\\Migrator.php(778): Illuminate\\Console\\View\\Components\\Task->render('2025_08_22_0522...', Object(Closure))
#15 C:\\xampp\\htdocs\\Laravel project\\laravel11-crash-course\\vendor\\laravel\\framework\\src\\Illuminate\\Database\\Migrations\\Migrator.php(224): Illuminate\\Database\\Migrations\\Migrator->write('Illuminate\\\\Cons...', '2025_08_22_0522...', Object(Closure))
#16 C:\\xampp\\htdocs\\Laravel project\\laravel11-crash-course\\vendor\\laravel\\framework\\src\\Illuminate\\Database\\Migrations\\Migrator.php(189): Illuminate\\Database\\Migrations\\Migrator->runUp('C:\\\\xampp\\\\htdocs...', 1, false)
#17 C:\\xampp\\htdocs\\Laravel project\\laravel11-crash-course\\vendor\\laravel\\framework\\src\\Illuminate\\Database\\Migrations\\Migrator.php(132): Illuminate\\Database\\Migrations\\Migrator->runPending(Array, Array)
#18 C:\\xampp\\htdocs\\Laravel project\\laravel11-crash-course\\vendor\\laravel\\framework\\src\\Illuminate\\Database\\Console\\Migrations\\MigrateCommand.php(90): Illuminate\\Database\\Migrations\\Migrator->run(Array, Array)
#19 C:\\xampp\\htdocs\\Laravel project\\laravel11-crash-course\\vendor\\laravel\\framework\\src\\Illuminate\\Database\\Migrations\\Migrator.php(636): Illuminate\\Database\\Console\\Migrations\\MigrateCommand->Illuminate\\Database\\Console\\Migrations\\{closure}()
#20 C:\\xampp\\htdocs\\Laravel project\\laravel11-crash-course\\vendor\\laravel\\framework\\src\\Illuminate\\Database\\Console\\Migrations\\MigrateCommand.php(102): Illuminate\\Database\\Migrations\\Migrator->usingConnection(NULL, Object(Closure))
#21 C:\\xampp\\htdocs\\Laravel project\\laravel11-crash-course\\vendor\\laravel\\framework\\src\\Illuminate\\Container\\BoundMethod.php(36): Illuminate\\Database\\Console\\Migrations\\MigrateCommand->handle()
#22 C:\\xampp\\htdocs\\Laravel project\\laravel11-crash-course\\vendor\\laravel\\framework\\src\\Illuminate\\Container\\Util.php(41): Illuminate\\Container\\BoundMethod::Illuminate\\Container\\{closure}()
#23 C:\\xampp\\htdocs\\Laravel project\\laravel11-crash-course\\vendor\\laravel\\framework\\src\\Illuminate\\Container\\BoundMethod.php(93): Illuminate\\Container\\Util::unwrapIfClosure(Object(Closure))
#24 C:\\xampp\\htdocs\\Laravel project\\laravel11-crash-course\\vendor\\laravel\\framework\\src\\Illuminate\\Container\\BoundMethod.php(37): Illuminate\\Container\\BoundMethod::callBoundMethod(Object(Illuminate\\Foundation\\Application), Array, Object(Closure))
#25 C:\\xampp\\htdocs\\Laravel project\\laravel11-crash-course\\vendor\\laravel\\framework\\src\\Illuminate\\Container\\Container.php(661): Illuminate\\Container\\BoundMethod::call(Object(Illuminate\\Foundation\\Application), Array, Array, NULL)
#26 C:\\xampp\\htdocs\\Laravel project\\laravel11-crash-course\\vendor\\laravel\\framework\\src\\Illuminate\\Console\\Command.php(183): Illuminate\\Container\\Container->call(Array)
#27 C:\\xampp\\htdocs\\Laravel project\\laravel11-crash-course\\vendor\\symfony\\console\\Command\\Command.php(291): Illuminate\\Console\\Command->execute(Object(Symfony\\Component\\Console\\Input\\ArgvInput), Object(Illuminate\\Console\\OutputStyle))
#28 C:\\xampp\\htdocs\\Laravel project\\laravel11-crash-course\\vendor\\laravel\\framework\\src\\Illuminate\\Console\\Command.php(153): Symfony\\Component\\Console\\Command\\Command->run(Object(Symfony\\Component\\Console\\Input\\ArgvInput), Object(Illuminate\\Console\\OutputStyle))
#29 C:\\xampp\\htdocs\\Laravel project\\laravel11-crash-course\\vendor\\symfony\\console\\Application.php(1014): Illuminate\\Console\\Command->run(Object(Symfony\\Component\\Console\\Input\\ArgvInput), Object(Symfony\\Component\\Console\\Output\\ConsoleOutput))
#30 C:\\xampp\\htdocs\\Laravel project\\laravel11-crash-course\\vendor\\symfony\\console\\Application.php(301): Symfony\\Component\\Console\\Application->doRunCommand(Object(Illuminate\\Database\\Console\\Migrations\\MigrateCommand), Object(Symfony\\Component\\Console\\Input\\ArgvInput), Object(Symfony\\Component\\Console\\Output\\ConsoleOutput))
#31 C:\\xampp\\htdocs\\Laravel project\\laravel11-crash-course\\vendor\\symfony\\console\\Application.php(171): Symfony\\Component\\Console\\Application->doRun(Object(Symfony\\Component\\Console\\Input\\ArgvInput), Object(Symfony\\Component\\Console\\Output\\ConsoleOutput))
#32 C:\\xampp\\htdocs\\Laravel project\\laravel11-crash-course\\vendor\\laravel\\framework\\src\\Illuminate\\Console\\Application.php(102): Symfony\\Component\\Console\\Application->run(Object(Symfony\\Component\\Console\\Input\\ArgvInput), Object(Symfony\\Component\\Console\\Output\\ConsoleOutput))
#33 C:\\xampp\\htdocs\\Laravel project\\laravel11-crash-course\\vendor\\laravel\\framework\\src\\Illuminate\\Foundation\\Console\\Kernel.php(155): Illuminate\\Console\\Application->run(Object(Symfony\\Component\\Console\\Input\\ArgvInput), Object(Symfony\\Component\\Console\\Output\\ConsoleOutput))
#34 C:\\xampp\\htdocs\\Laravel project\\laravel11-crash-course\\artisan(37): Illuminate\\Foundation\\Console\\Kernel->handle(Object(Symfony\\Component\\Console\\Input\\ArgvInput), Object(Symfony\\Component\\Console\\Output\\ConsoleOutput))
#35 {main}
"} 
[2025-08-22 05:38:08] local.ERROR: SQLSTATE[42S01]: Base table or view already exists: 1050 Table 'notes' already exists (SQL: create table `notes` (`id` bigint unsigned not null auto_increment primary key, `note` longtext not null, `user_id` bigint unsigned not null, `created_at` timestamp null, `updated_at` timestamp null) default character set utf8mb4 collate 'utf8mb4_unicode_ci') {"exception":"[object] (Illuminate\\Database\\QueryException(code: 42S01): SQLSTATE[42S01]: Base table or view already exists: 1050 Table 'notes' already exists (SQL: create table `notes` (`id` bigint unsigned not null auto_increment primary key, `note` longtext not null, `user_id` bigint unsigned not null, `created_at` timestamp null, `updated_at` timestamp null) default character set utf8mb4 collate 'utf8mb4_unicode_ci') at C:\\xampp\\htdocs\\Laravel project\\laravel11-crash-course\\vendor\\laravel\\framework\\src\\Illuminate\\Database\\Connection.php:760)
[stacktrace]
#0 C:\\xampp\\htdocs\\Laravel project\\laravel11-crash-course\\vendor\\laravel\\framework\\src\\Illuminate\\Database\\Connection.php(720): Illuminate\\Database\\Connection->runQueryCallback('create table `n...', Array, Object(Closure))
#1 C:\\xampp\\htdocs\\Laravel project\\laravel11-crash-course\\vendor\\laravel\\framework\\src\\Illuminate\\Database\\Connection.php(546): Illuminate\\Database\\Connection->run('create table `n...', Array, Object(Closure))
#2 C:\\xampp\\htdocs\\Laravel project\\laravel11-crash-course\\vendor\\laravel\\framework\\src\\Illuminate\\Database\\Schema\\Blueprint.php(109): Illuminate\\Database\\Connection->statement('create table `n...')
#3 C:\\xampp\\htdocs\\Laravel project\\laravel11-crash-course\\vendor\\laravel\\framework\\src\\Illuminate\\Database\\Schema\\Builder.php(439): Illuminate\\Database\\Schema\\Blueprint->build(Object(Illuminate\\Database\\MySqlConnection), Object(Illuminate\\Database\\Schema\\Grammars\\MySqlGrammar))
#4 C:\\xampp\\htdocs\\Laravel project\\laravel11-crash-course\\vendor\\laravel\\framework\\src\\Illuminate\\Database\\Schema\\Builder.php(285): Illuminate\\Database\\Schema\\Builder->build(Object(Illuminate\\Database\\Schema\\Blueprint))
#5 C:\\xampp\\htdocs\\Laravel project\\laravel11-crash-course\\vendor\\laravel\\framework\\src\\Illuminate\\Support\\Facades\\Facade.php(338): Illuminate\\Database\\Schema\\Builder->create('notes', Object(Closure))
#6 C:\\xampp\\htdocs\\Laravel project\\laravel11-crash-course\\database\\migrations\\2025_08_22_052233_create_notes_table.php(21): Illuminate\\Support\\Facades\\Facade::__callStatic('create', Array)
#7 C:\\xampp\\htdocs\\Laravel project\\laravel11-crash-course\\vendor\\laravel\\framework\\src\\Illuminate\\Database\\Migrations\\Migrator.php(496): Illuminate\\Database\\Migrations\\Migration@anonymous->up()
#8 C:\\xampp\\htdocs\\Laravel project\\laravel11-crash-course\\vendor\\laravel\\framework\\src\\Illuminate\\Database\\Migrations\\Migrator.php(414): Illuminate\\Database\\Migrations\\Migrator->runMethod(Object(Illuminate\\Database\\MySqlConnection), Object(Illuminate\\Database\\Migrations\\Migration@anonymous), 'up')
#9 C:\\xampp\\htdocs\\Laravel project\\laravel11-crash-course\\vendor\\laravel\\framework\\src\\Illuminate\\Database\\Migrations\\Migrator.php(423): Illuminate\\Database\\Migrations\\Migrator->Illuminate\\Database\\Migrations\\{closure}()
#10 C:\\xampp\\htdocs\\Laravel project\\laravel11-crash-course\\vendor\\laravel\\framework\\src\\Illuminate\\Database\\Migrations\\Migrator.php(224): Illuminate\\Database\\Migrations\\Migrator->runMigration(Object(Illuminate\\Database\\Migrations\\Migration@anonymous), 'up')
#11 C:\\xampp\\htdocs\\Laravel project\\laravel11-crash-course\\vendor\\laravel\\framework\\src\\Illuminate\\Console\\View\\Components\\Task.php(37): Illuminate\\Database\\Migrations\\Migrator->Illuminate\\Database\\Migrations\\{closure}()
#12 C:\\xampp\\htdocs\\Laravel project\\laravel11-crash-course\\vendor\\laravel\\framework\\src\\Illuminate\\Database\\Migrations\\Migrator.php(778): Illuminate\\Console\\View\\Components\\Task->render('2025_08_22_0522...', Object(Closure))
#13 C:\\xampp\\htdocs\\Laravel project\\laravel11-crash-course\\vendor\\laravel\\framework\\src\\Illuminate\\Database\\Migrations\\Migrator.php(224): Illuminate\\Database\\Migrations\\Migrator->write('Illuminate\\\\Cons...', '2025_08_22_0522...', Object(Closure))
#14 C:\\xampp\\htdocs\\Laravel project\\laravel11-crash-course\\vendor\\laravel\\framework\\src\\Illuminate\\Database\\Migrations\\Migrator.php(189): Illuminate\\Database\\Migrations\\Migrator->runUp('C:\\\\xampp\\\\htdocs...', 2, false)
#15 C:\\xampp\\htdocs\\Laravel project\\laravel11-crash-course\\vendor\\laravel\\framework\\src\\Illuminate\\Database\\Migrations\\Migrator.php(132): Illuminate\\Database\\Migrations\\Migrator->runPending(Array, Array)
#16 C:\\xampp\\htdocs\\Laravel project\\laravel11-crash-course\\vendor\\laravel\\framework\\src\\Illuminate\\Database\\Console\\Migrations\\MigrateCommand.php(90): Illuminate\\Database\\Migrations\\Migrator->run(Array, Array)
#17 C:\\xampp\\htdocs\\Laravel project\\laravel11-crash-course\\vendor\\laravel\\framework\\src\\Illuminate\\Database\\Migrations\\Migrator.php(636): Illuminate\\Database\\Console\\Migrations\\MigrateCommand->Illuminate\\Database\\Console\\Migrations\\{closure}()
#18 C:\\xampp\\htdocs\\Laravel project\\laravel11-crash-course\\vendor\\laravel\\framework\\src\\Illuminate\\Database\\Console\\Migrations\\MigrateCommand.php(102): Illuminate\\Database\\Migrations\\Migrator->usingConnection(NULL, Object(Closure))
#19 C:\\xampp\\htdocs\\Laravel project\\laravel11-crash-course\\vendor\\laravel\\framework\\src\\Illuminate\\Container\\BoundMethod.php(36): Illuminate\\Database\\Console\\Migrations\\MigrateCommand->handle()
#20 C:\\xampp\\htdocs\\Laravel project\\laravel11-crash-course\\vendor\\laravel\\framework\\src\\Illuminate\\Container\\Util.php(41): Illuminate\\Container\\BoundMethod::Illuminate\\Container\\{closure}()
#21 C:\\xampp\\htdocs\\Laravel project\\laravel11-crash-course\\vendor\\laravel\\framework\\src\\Illuminate\\Container\\BoundMethod.php(93): Illuminate\\Container\\Util::unwrapIfClosure(Object(Closure))
#22 C:\\xampp\\htdocs\\Laravel project\\laravel11-crash-course\\vendor\\laravel\\framework\\src\\Illuminate\\Container\\BoundMethod.php(37): Illuminate\\Container\\BoundMethod::callBoundMethod(Object(Illuminate\\Foundation\\Application), Array, Object(Closure))
#23 C:\\xampp\\htdocs\\Laravel project\\laravel11-crash-course\\vendor\\laravel\\framework\\src\\Illuminate\\Container\\Container.php(661): Illuminate\\Container\\BoundMethod::call(Object(Illuminate\\Foundation\\Application), Array, Array, NULL)
#24 C:\\xampp\\htdocs\\Laravel project\\laravel11-crash-course\\vendor\\laravel\\framework\\src\\Illuminate\\Console\\Command.php(183): Illuminate\\Container\\Container->call(Array)
#25 C:\\xampp\\htdocs\\Laravel project\\laravel11-crash-course\\vendor\\symfony\\console\\Command\\Command.php(291): Illuminate\\Console\\Command->execute(Object(Symfony\\Component\\Console\\Input\\ArgvInput), Object(Illuminate\\Console\\OutputStyle))
#26 C:\\xampp\\htdocs\\Laravel project\\laravel11-crash-course\\vendor\\laravel\\framework\\src\\Illuminate\\Console\\Command.php(153): Symfony\\Component\\Console\\Command\\Command->run(Object(Symfony\\Component\\Console\\Input\\ArgvInput), Object(Illuminate\\Console\\OutputStyle))
#27 C:\\xampp\\htdocs\\Laravel project\\laravel11-crash-course\\vendor\\symfony\\console\\Application.php(1014): Illuminate\\Console\\Command->run(Object(Symfony\\Component\\Console\\Input\\ArgvInput), Object(Symfony\\Component\\Console\\Output\\ConsoleOutput))
#28 C:\\xampp\\htdocs\\Laravel project\\laravel11-crash-course\\vendor\\symfony\\console\\Application.php(301): Symfony\\Component\\Console\\Application->doRunCommand(Object(Illuminate\\Database\\Console\\Migrations\\MigrateCommand), Object(Symfony\\Component\\Console\\Input\\ArgvInput), Object(Symfony\\Component\\Console\\Output\\ConsoleOutput))
#29 C:\\xampp\\htdocs\\Laravel project\\laravel11-crash-course\\vendor\\symfony\\console\\Application.php(171): Symfony\\Component\\Console\\Application->doRun(Object(Symfony\\Component\\Console\\Input\\ArgvInput), Object(Symfony\\Component\\Console\\Output\\ConsoleOutput))
#30 C:\\xampp\\htdocs\\Laravel project\\laravel11-crash-course\\vendor\\laravel\\framework\\src\\Illuminate\\Console\\Application.php(102): Symfony\\Component\\Console\\Application->run(Object(Symfony\\Component\\Console\\Input\\ArgvInput), Object(Symfony\\Component\\Console\\Output\\ConsoleOutput))
#31 C:\\xampp\\htdocs\\Laravel project\\laravel11-crash-course\\vendor\\laravel\\framework\\src\\Illuminate\\Foundation\\Console\\Kernel.php(155): Illuminate\\Console\\Application->run(Object(Symfony\\Component\\Console\\Input\\ArgvInput), Object(Symfony\\Component\\Console\\Output\\ConsoleOutput))
#32 C:\\xampp\\htdocs\\Laravel project\\laravel11-crash-course\\artisan(37): Illuminate\\Foundation\\Console\\Kernel->handle(Object(Symfony\\Component\\Console\\Input\\ArgvInput), Object(Symfony\\Component\\Console\\Output\\ConsoleOutput))
#33 {main}

[previous exception] [object] (PDOException(code: 42S01): SQLSTATE[42S01]: Base table or view already exists: 1050 Table 'notes' already exists at C:\\xampp\\htdocs\\Laravel project\\laravel11-crash-course\\vendor\\laravel\\framework\\src\\Illuminate\\Database\\Connection.php:545)
[stacktrace]
#0 C:\\xampp\\htdocs\\Laravel project\\laravel11-crash-course\\vendor\\laravel\\framework\\src\\Illuminate\\Database\\Connection.php(545): PDOStatement->execute()
#1 C:\\xampp\\htdocs\\Laravel project\\laravel11-crash-course\\vendor\\laravel\\framework\\src\\Illuminate\\Database\\Connection.php(753): Illuminate\\Database\\Connection->Illuminate\\Database\\{closure}('create table `n...', Array)
#2 C:\\xampp\\htdocs\\Laravel project\\laravel11-crash-course\\vendor\\laravel\\framework\\src\\Illuminate\\Database\\Connection.php(720): Illuminate\\Database\\Connection->runQueryCallback('create table `n...', Array, Object(Closure))
#3 C:\\xampp\\htdocs\\Laravel project\\laravel11-crash-course\\vendor\\laravel\\framework\\src\\Illuminate\\Database\\Connection.php(546): Illuminate\\Database\\Connection->run('create table `n...', Array, Object(Closure))
#4 C:\\xampp\\htdocs\\Laravel project\\laravel11-crash-course\\vendor\\laravel\\framework\\src\\Illuminate\\Database\\Schema\\Blueprint.php(109): Illuminate\\Database\\Connection->statement('create table `n...')
#5 C:\\xampp\\htdocs\\Laravel project\\laravel11-crash-course\\vendor\\laravel\\framework\\src\\Illuminate\\Database\\Schema\\Builder.php(439): Illuminate\\Database\\Schema\\Blueprint->build(Object(Illuminate\\Database\\MySqlConnection), Object(Illuminate\\Database\\Schema\\Grammars\\MySqlGrammar))
#6 C:\\xampp\\htdocs\\Laravel project\\laravel11-crash-course\\vendor\\laravel\\framework\\src\\Illuminate\\Database\\Schema\\Builder.php(285): Illuminate\\Database\\Schema\\Builder->build(Object(Illuminate\\Database\\Schema\\Blueprint))
#7 C:\\xampp\\htdocs\\Laravel project\\laravel11-crash-course\\vendor\\laravel\\framework\\src\\Illuminate\\Support\\Facades\\Facade.php(338): Illuminate\\Database\\Schema\\Builder->create('notes', Object(Closure))
#8 C:\\xampp\\htdocs\\Laravel project\\laravel11-crash-course\\database\\migrations\\2025_08_22_052233_create_notes_table.php(21): Illuminate\\Support\\Facades\\Facade::__callStatic('create', Array)
#9 C:\\xampp\\htdocs\\Laravel project\\laravel11-crash-course\\vendor\\laravel\\framework\\src\\Illuminate\\Database\\Migrations\\Migrator.php(496): Illuminate\\Database\\Migrations\\Migration@anonymous->up()
#10 C:\\xampp\\htdocs\\Laravel project\\laravel11-crash-course\\vendor\\laravel\\framework\\src\\Illuminate\\Database\\Migrations\\Migrator.php(414): Illuminate\\Database\\Migrations\\Migrator->runMethod(Object(Illuminate\\Database\\MySqlConnection), Object(Illuminate\\Database\\Migrations\\Migration@anonymous), 'up')
#11 C:\\xampp\\htdocs\\Laravel project\\laravel11-crash-course\\vendor\\laravel\\framework\\src\\Illuminate\\Database\\Migrations\\Migrator.php(423): Illuminate\\Database\\Migrations\\Migrator->Illuminate\\Database\\Migrations\\{closure}()
#12 C:\\xampp\\htdocs\\Laravel project\\laravel11-crash-course\\vendor\\laravel\\framework\\src\\Illuminate\\Database\\Migrations\\Migrator.php(224): Illuminate\\Database\\Migrations\\Migrator->runMigration(Object(Illuminate\\Database\\Migrations\\Migration@anonymous), 'up')
#13 C:\\xampp\\htdocs\\Laravel project\\laravel11-crash-course\\vendor\\laravel\\framework\\src\\Illuminate\\Console\\View\\Components\\Task.php(37): Illuminate\\Database\\Migrations\\Migrator->Illuminate\\Database\\Migrations\\{closure}()
#14 C:\\xampp\\htdocs\\Laravel project\\laravel11-crash-course\\vendor\\laravel\\framework\\src\\Illuminate\\Database\\Migrations\\Migrator.php(778): Illuminate\\Console\\View\\Components\\Task->render('2025_08_22_0522...', Object(Closure))
#15 C:\\xampp\\htdocs\\Laravel project\\laravel11-crash-course\\vendor\\laravel\\framework\\src\\Illuminate\\Database\\Migrations\\Migrator.php(224): Illuminate\\Database\\Migrations\\Migrator->write('Illuminate\\\\Cons...', '2025_08_22_0522...', Object(Closure))
#16 C:\\xampp\\htdocs\\Laravel project\\laravel11-crash-course\\vendor\\laravel\\framework\\src\\Illuminate\\Database\\Migrations\\Migrator.php(189): Illuminate\\Database\\Migrations\\Migrator->runUp('C:\\\\xampp\\\\htdocs...', 2, false)
#17 C:\\xampp\\htdocs\\Laravel project\\laravel11-crash-course\\vendor\\laravel\\framework\\src\\Illuminate\\Database\\Migrations\\Migrator.php(132): Illuminate\\Database\\Migrations\\Migrator->runPending(Array, Array)
#18 C:\\xampp\\htdocs\\Laravel project\\laravel11-crash-course\\vendor\\laravel\\framework\\src\\Illuminate\\Database\\Console\\Migrations\\MigrateCommand.php(90): Illuminate\\Database\\Migrations\\Migrator->run(Array, Array)
#19 C:\\xampp\\htdocs\\Laravel project\\laravel11-crash-course\\vendor\\laravel\\framework\\src\\Illuminate\\Database\\Migrations\\Migrator.php(636): Illuminate\\Database\\Console\\Migrations\\MigrateCommand->Illuminate\\Database\\Console\\Migrations\\{closure}()
#20 C:\\xampp\\htdocs\\Laravel project\\laravel11-crash-course\\vendor\\laravel\\framework\\src\\Illuminate\\Database\\Console\\Migrations\\MigrateCommand.php(102): Illuminate\\Database\\Migrations\\Migrator->usingConnection(NULL, Object(Closure))
#21 C:\\xampp\\htdocs\\Laravel project\\laravel11-crash-course\\vendor\\laravel\\framework\\src\\Illuminate\\Container\\BoundMethod.php(36): Illuminate\\Database\\Console\\Migrations\\MigrateCommand->handle()
#22 C:\\xampp\\htdocs\\Laravel project\\laravel11-crash-course\\vendor\\laravel\\framework\\src\\Illuminate\\Container\\Util.php(41): Illuminate\\Container\\BoundMethod::Illuminate\\Container\\{closure}()
#23 C:\\xampp\\htdocs\\Laravel project\\laravel11-crash-course\\vendor\\laravel\\framework\\src\\Illuminate\\Container\\BoundMethod.php(93): Illuminate\\Container\\Util::unwrapIfClosure(Object(Closure))
#24 C:\\xampp\\htdocs\\Laravel project\\laravel11-crash-course\\vendor\\laravel\\framework\\src\\Illuminate\\Container\\BoundMethod.php(37): Illuminate\\Container\\BoundMethod::callBoundMethod(Object(Illuminate\\Foundation\\Application), Array, Object(Closure))
#25 C:\\xampp\\htdocs\\Laravel project\\laravel11-crash-course\\vendor\\laravel\\framework\\src\\Illuminate\\Container\\Container.php(661): Illuminate\\Container\\BoundMethod::call(Object(Illuminate\\Foundation\\Application), Array, Array, NULL)
#26 C:\\xampp\\htdocs\\Laravel project\\laravel11-crash-course\\vendor\\laravel\\framework\\src\\Illuminate\\Console\\Command.php(183): Illuminate\\Container\\Container->call(Array)
#27 C:\\xampp\\htdocs\\Laravel project\\laravel11-crash-course\\vendor\\symfony\\console\\Command\\Command.php(291): Illuminate\\Console\\Command->execute(Object(Symfony\\Component\\Console\\Input\\ArgvInput), Object(Illuminate\\Console\\OutputStyle))
#28 C:\\xampp\\htdocs\\Laravel project\\laravel11-crash-course\\vendor\\laravel\\framework\\src\\Illuminate\\Console\\Command.php(153): Symfony\\Component\\Console\\Command\\Command->run(Object(Symfony\\Component\\Console\\Input\\ArgvInput), Object(Illuminate\\Console\\OutputStyle))
#29 C:\\xampp\\htdocs\\Laravel project\\laravel11-crash-course\\vendor\\symfony\\console\\Application.php(1014): Illuminate\\Console\\Command->run(Object(Symfony\\Component\\Console\\Input\\ArgvInput), Object(Symfony\\Component\\Console\\Output\\ConsoleOutput))
#30 C:\\xampp\\htdocs\\Laravel project\\laravel11-crash-course\\vendor\\symfony\\console\\Application.php(301): Symfony\\Component\\Console\\Application->doRunCommand(Object(Illuminate\\Database\\Console\\Migrations\\MigrateCommand), Object(Symfony\\Component\\Console\\Input\\ArgvInput), Object(Symfony\\Component\\Console\\Output\\ConsoleOutput))
#31 C:\\xampp\\htdocs\\Laravel project\\laravel11-crash-course\\vendor\\symfony\\console\\Application.php(171): Symfony\\Component\\Console\\Application->doRun(Object(Symfony\\Component\\Console\\Input\\ArgvInput), Object(Symfony\\Component\\Console\\Output\\ConsoleOutput))
#32 C:\\xampp\\htdocs\\Laravel project\\laravel11-crash-course\\vendor\\laravel\\framework\\src\\Illuminate\\Console\\Application.php(102): Symfony\\Component\\Console\\Application->run(Object(Symfony\\Component\\Console\\Input\\ArgvInput), Object(Symfony\\Component\\Console\\Output\\ConsoleOutput))
#33 C:\\xampp\\htdocs\\Laravel project\\laravel11-crash-course\\vendor\\laravel\\framework\\src\\Illuminate\\Foundation\\Console\\Kernel.php(155): Illuminate\\Console\\Application->run(Object(Symfony\\Component\\Console\\Input\\ArgvInput), Object(Symfony\\Component\\Console\\Output\\ConsoleOutput))
#34 C:\\xampp\\htdocs\\Laravel project\\laravel11-crash-course\\artisan(37): Illuminate\\Foundation\\Console\\Kernel->handle(Object(Symfony\\Component\\Console\\Input\\ArgvInput), Object(Symfony\\Component\\Console\\Output\\ConsoleOutput))
#35 {main}
"} 
[2025-08-22 05:39:38] local.ERROR: SQLSTATE[42S01]: Base table or view already exists: 1050 Table 'notes' already exists (SQL: create table `notes` (`id` bigint unsigned not null auto_increment primary key, `note` longtext not null, `user_id` bigint unsigned not null, `created_at` timestamp null, `updated_at` timestamp null) default character set utf8mb4 collate 'utf8mb4_unicode_ci') {"exception":"[object] (Illuminate\\Database\\QueryException(code: 42S01): SQLSTATE[42S01]: Base table or view already exists: 1050 Table 'notes' already exists (SQL: create table `notes` (`id` bigint unsigned not null auto_increment primary key, `note` longtext not null, `user_id` bigint unsigned not null, `created_at` timestamp null, `updated_at` timestamp null) default character set utf8mb4 collate 'utf8mb4_unicode_ci') at C:\\xampp\\htdocs\\Laravel project\\laravel11-crash-course\\vendor\\laravel\\framework\\src\\Illuminate\\Database\\Connection.php:760)
[stacktrace]
#0 C:\\xampp\\htdocs\\Laravel project\\laravel11-crash-course\\vendor\\laravel\\framework\\src\\Illuminate\\Database\\Connection.php(720): Illuminate\\Database\\Connection->runQueryCallback('create table `n...', Array, Object(Closure))
#1 C:\\xampp\\htdocs\\Laravel project\\laravel11-crash-course\\vendor\\laravel\\framework\\src\\Illuminate\\Database\\Connection.php(546): Illuminate\\Database\\Connection->run('create table `n...', Array, Object(Closure))
#2 C:\\xampp\\htdocs\\Laravel project\\laravel11-crash-course\\vendor\\laravel\\framework\\src\\Illuminate\\Database\\Schema\\Blueprint.php(109): Illuminate\\Database\\Connection->statement('create table `n...')
#3 C:\\xampp\\htdocs\\Laravel project\\laravel11-crash-course\\vendor\\laravel\\framework\\src\\Illuminate\\Database\\Schema\\Builder.php(439): Illuminate\\Database\\Schema\\Blueprint->build(Object(Illuminate\\Database\\MySqlConnection), Object(Illuminate\\Database\\Schema\\Grammars\\MySqlGrammar))
#4 C:\\xampp\\htdocs\\Laravel project\\laravel11-crash-course\\vendor\\laravel\\framework\\src\\Illuminate\\Database\\Schema\\Builder.php(285): Illuminate\\Database\\Schema\\Builder->build(Object(Illuminate\\Database\\Schema\\Blueprint))
#5 C:\\xampp\\htdocs\\Laravel project\\laravel11-crash-course\\vendor\\laravel\\framework\\src\\Illuminate\\Support\\Facades\\Facade.php(338): Illuminate\\Database\\Schema\\Builder->create('notes', Object(Closure))
#6 C:\\xampp\\htdocs\\Laravel project\\laravel11-crash-course\\database\\migrations\\2025_08_22_052233_create_notes_table.php(21): Illuminate\\Support\\Facades\\Facade::__callStatic('create', Array)
#7 C:\\xampp\\htdocs\\Laravel project\\laravel11-crash-course\\vendor\\laravel\\framework\\src\\Illuminate\\Database\\Migrations\\Migrator.php(496): Illuminate\\Database\\Migrations\\Migration@anonymous->up()
#8 C:\\xampp\\htdocs\\Laravel project\\laravel11-crash-course\\vendor\\laravel\\framework\\src\\Illuminate\\Database\\Migrations\\Migrator.php(414): Illuminate\\Database\\Migrations\\Migrator->runMethod(Object(Illuminate\\Database\\MySqlConnection), Object(Illuminate\\Database\\Migrations\\Migration@anonymous), 'up')
#9 C:\\xampp\\htdocs\\Laravel project\\laravel11-crash-course\\vendor\\laravel\\framework\\src\\Illuminate\\Database\\Migrations\\Migrator.php(423): Illuminate\\Database\\Migrations\\Migrator->Illuminate\\Database\\Migrations\\{closure}()
#10 C:\\xampp\\htdocs\\Laravel project\\laravel11-crash-course\\vendor\\laravel\\framework\\src\\Illuminate\\Database\\Migrations\\Migrator.php(224): Illuminate\\Database\\Migrations\\Migrator->runMigration(Object(Illuminate\\Database\\Migrations\\Migration@anonymous), 'up')
#11 C:\\xampp\\htdocs\\Laravel project\\laravel11-crash-course\\vendor\\laravel\\framework\\src\\Illuminate\\Console\\View\\Components\\Task.php(37): Illuminate\\Database\\Migrations\\Migrator->Illuminate\\Database\\Migrations\\{closure}()
#12 C:\\xampp\\htdocs\\Laravel project\\laravel11-crash-course\\vendor\\laravel\\framework\\src\\Illuminate\\Database\\Migrations\\Migrator.php(778): Illuminate\\Console\\View\\Components\\Task->render('2025_08_22_0522...', Object(Closure))
#13 C:\\xampp\\htdocs\\Laravel project\\laravel11-crash-course\\vendor\\laravel\\framework\\src\\Illuminate\\Database\\Migrations\\Migrator.php(224): Illuminate\\Database\\Migrations\\Migrator->write('Illuminate\\\\Cons...', '2025_08_22_0522...', Object(Closure))
#14 C:\\xampp\\htdocs\\Laravel project\\laravel11-crash-course\\vendor\\laravel\\framework\\src\\Illuminate\\Database\\Migrations\\Migrator.php(189): Illuminate\\Database\\Migrations\\Migrator->runUp('C:\\\\xampp\\\\htdocs...', 2, false)
#15 C:\\xampp\\htdocs\\Laravel project\\laravel11-crash-course\\vendor\\laravel\\framework\\src\\Illuminate\\Database\\Migrations\\Migrator.php(132): Illuminate\\Database\\Migrations\\Migrator->runPending(Array, Array)
#16 C:\\xampp\\htdocs\\Laravel project\\laravel11-crash-course\\vendor\\laravel\\framework\\src\\Illuminate\\Database\\Console\\Migrations\\MigrateCommand.php(90): Illuminate\\Database\\Migrations\\Migrator->run(Array, Array)
#17 C:\\xampp\\htdocs\\Laravel project\\laravel11-crash-course\\vendor\\laravel\\framework\\src\\Illuminate\\Database\\Migrations\\Migrator.php(636): Illuminate\\Database\\Console\\Migrations\\MigrateCommand->Illuminate\\Database\\Console\\Migrations\\{closure}()
#18 C:\\xampp\\htdocs\\Laravel project\\laravel11-crash-course\\vendor\\laravel\\framework\\src\\Illuminate\\Database\\Console\\Migrations\\MigrateCommand.php(102): Illuminate\\Database\\Migrations\\Migrator->usingConnection(NULL, Object(Closure))
#19 C:\\xampp\\htdocs\\Laravel project\\laravel11-crash-course\\vendor\\laravel\\framework\\src\\Illuminate\\Container\\BoundMethod.php(36): Illuminate\\Database\\Console\\Migrations\\MigrateCommand->handle()
#20 C:\\xampp\\htdocs\\Laravel project\\laravel11-crash-course\\vendor\\laravel\\framework\\src\\Illuminate\\Container\\Util.php(41): Illuminate\\Container\\BoundMethod::Illuminate\\Container\\{closure}()
#21 C:\\xampp\\htdocs\\Laravel project\\laravel11-crash-course\\vendor\\laravel\\framework\\src\\Illuminate\\Container\\BoundMethod.php(93): Illuminate\\Container\\Util::unwrapIfClosure(Object(Closure))
#22 C:\\xampp\\htdocs\\Laravel project\\laravel11-crash-course\\vendor\\laravel\\framework\\src\\Illuminate\\Container\\BoundMethod.php(37): Illuminate\\Container\\BoundMethod::callBoundMethod(Object(Illuminate\\Foundation\\Application), Array, Object(Closure))
#23 C:\\xampp\\htdocs\\Laravel project\\laravel11-crash-course\\vendor\\laravel\\framework\\src\\Illuminate\\Container\\Container.php(661): Illuminate\\Container\\BoundMethod::call(Object(Illuminate\\Foundation\\Application), Array, Array, NULL)
#24 C:\\xampp\\htdocs\\Laravel project\\laravel11-crash-course\\vendor\\laravel\\framework\\src\\Illuminate\\Console\\Command.php(183): Illuminate\\Container\\Container->call(Array)
#25 C:\\xampp\\htdocs\\Laravel project\\laravel11-crash-course\\vendor\\symfony\\console\\Command\\Command.php(291): Illuminate\\Console\\Command->execute(Object(Symfony\\Component\\Console\\Input\\ArgvInput), Object(Illuminate\\Console\\OutputStyle))
#26 C:\\xampp\\htdocs\\Laravel project\\laravel11-crash-course\\vendor\\laravel\\framework\\src\\Illuminate\\Console\\Command.php(153): Symfony\\Component\\Console\\Command\\Command->run(Object(Symfony\\Component\\Console\\Input\\ArgvInput), Object(Illuminate\\Console\\OutputStyle))
#27 C:\\xampp\\htdocs\\Laravel project\\laravel11-crash-course\\vendor\\symfony\\console\\Application.php(1014): Illuminate\\Console\\Command->run(Object(Symfony\\Component\\Console\\Input\\ArgvInput), Object(Symfony\\Component\\Console\\Output\\ConsoleOutput))
#28 C:\\xampp\\htdocs\\Laravel project\\laravel11-crash-course\\vendor\\symfony\\console\\Application.php(301): Symfony\\Component\\Console\\Application->doRunCommand(Object(Illuminate\\Database\\Console\\Migrations\\MigrateCommand), Object(Symfony\\Component\\Console\\Input\\ArgvInput), Object(Symfony\\Component\\Console\\Output\\ConsoleOutput))
#29 C:\\xampp\\htdocs\\Laravel project\\laravel11-crash-course\\vendor\\symfony\\console\\Application.php(171): Symfony\\Component\\Console\\Application->doRun(Object(Symfony\\Component\\Console\\Input\\ArgvInput), Object(Symfony\\Component\\Console\\Output\\ConsoleOutput))
#30 C:\\xampp\\htdocs\\Laravel project\\laravel11-crash-course\\vendor\\laravel\\framework\\src\\Illuminate\\Console\\Application.php(102): Symfony\\Component\\Console\\Application->run(Object(Symfony\\Component\\Console\\Input\\ArgvInput), Object(Symfony\\Component\\Console\\Output\\ConsoleOutput))
#31 C:\\xampp\\htdocs\\Laravel project\\laravel11-crash-course\\vendor\\laravel\\framework\\src\\Illuminate\\Foundation\\Console\\Kernel.php(155): Illuminate\\Console\\Application->run(Object(Symfony\\Component\\Console\\Input\\ArgvInput), Object(Symfony\\Component\\Console\\Output\\ConsoleOutput))
#32 C:\\xampp\\htdocs\\Laravel project\\laravel11-crash-course\\artisan(37): Illuminate\\Foundation\\Console\\Kernel->handle(Object(Symfony\\Component\\Console\\Input\\ArgvInput), Object(Symfony\\Component\\Console\\Output\\ConsoleOutput))
#33 {main}

[previous exception] [object] (PDOException(code: 42S01): SQLSTATE[42S01]: Base table or view already exists: 1050 Table 'notes' already exists at C:\\xampp\\htdocs\\Laravel project\\laravel11-crash-course\\vendor\\laravel\\framework\\src\\Illuminate\\Database\\Connection.php:545)
[stacktrace]
#0 C:\\xampp\\htdocs\\Laravel project\\laravel11-crash-course\\vendor\\laravel\\framework\\src\\Illuminate\\Database\\Connection.php(545): PDOStatement->execute()
#1 C:\\xampp\\htdocs\\Laravel project\\laravel11-crash-course\\vendor\\laravel\\framework\\src\\Illuminate\\Database\\Connection.php(753): Illuminate\\Database\\Connection->Illuminate\\Database\\{closure}('create table `n...', Array)
#2 C:\\xampp\\htdocs\\Laravel project\\laravel11-crash-course\\vendor\\laravel\\framework\\src\\Illuminate\\Database\\Connection.php(720): Illuminate\\Database\\Connection->runQueryCallback('create table `n...', Array, Object(Closure))
#3 C:\\xampp\\htdocs\\Laravel project\\laravel11-crash-course\\vendor\\laravel\\framework\\src\\Illuminate\\Database\\Connection.php(546): Illuminate\\Database\\Connection->run('create table `n...', Array, Object(Closure))
#4 C:\\xampp\\htdocs\\Laravel project\\laravel11-crash-course\\vendor\\laravel\\framework\\src\\Illuminate\\Database\\Schema\\Blueprint.php(109): Illuminate\\Database\\Connection->statement('create table `n...')
#5 C:\\xampp\\htdocs\\Laravel project\\laravel11-crash-course\\vendor\\laravel\\framework\\src\\Illuminate\\Database\\Schema\\Builder.php(439): Illuminate\\Database\\Schema\\Blueprint->build(Object(Illuminate\\Database\\MySqlConnection), Object(Illuminate\\Database\\Schema\\Grammars\\MySqlGrammar))
#6 C:\\xampp\\htdocs\\Laravel project\\laravel11-crash-course\\vendor\\laravel\\framework\\src\\Illuminate\\Database\\Schema\\Builder.php(285): Illuminate\\Database\\Schema\\Builder->build(Object(Illuminate\\Database\\Schema\\Blueprint))
#7 C:\\xampp\\htdocs\\Laravel project\\laravel11-crash-course\\vendor\\laravel\\framework\\src\\Illuminate\\Support\\Facades\\Facade.php(338): Illuminate\\Database\\Schema\\Builder->create('notes', Object(Closure))
#8 C:\\xampp\\htdocs\\Laravel project\\laravel11-crash-course\\database\\migrations\\2025_08_22_052233_create_notes_table.php(21): Illuminate\\Support\\Facades\\Facade::__callStatic('create', Array)
#9 C:\\xampp\\htdocs\\Laravel project\\laravel11-crash-course\\vendor\\laravel\\framework\\src\\Illuminate\\Database\\Migrations\\Migrator.php(496): Illuminate\\Database\\Migrations\\Migration@anonymous->up()
#10 C:\\xampp\\htdocs\\Laravel project\\laravel11-crash-course\\vendor\\laravel\\framework\\src\\Illuminate\\Database\\Migrations\\Migrator.php(414): Illuminate\\Database\\Migrations\\Migrator->runMethod(Object(Illuminate\\Database\\MySqlConnection), Object(Illuminate\\Database\\Migrations\\Migration@anonymous), 'up')
#11 C:\\xampp\\htdocs\\Laravel project\\laravel11-crash-course\\vendor\\laravel\\framework\\src\\Illuminate\\Database\\Migrations\\Migrator.php(423): Illuminate\\Database\\Migrations\\Migrator->Illuminate\\Database\\Migrations\\{closure}()
#12 C:\\xampp\\htdocs\\Laravel project\\laravel11-crash-course\\vendor\\laravel\\framework\\src\\Illuminate\\Database\\Migrations\\Migrator.php(224): Illuminate\\Database\\Migrations\\Migrator->runMigration(Object(Illuminate\\Database\\Migrations\\Migration@anonymous), 'up')
#13 C:\\xampp\\htdocs\\Laravel project\\laravel11-crash-course\\vendor\\laravel\\framework\\src\\Illuminate\\Console\\View\\Components\\Task.php(37): Illuminate\\Database\\Migrations\\Migrator->Illuminate\\Database\\Migrations\\{closure}()
#14 C:\\xampp\\htdocs\\Laravel project\\laravel11-crash-course\\vendor\\laravel\\framework\\src\\Illuminate\\Database\\Migrations\\Migrator.php(778): Illuminate\\Console\\View\\Components\\Task->render('2025_08_22_0522...', Object(Closure))
#15 C:\\xampp\\htdocs\\Laravel project\\laravel11-crash-course\\vendor\\laravel\\framework\\src\\Illuminate\\Database\\Migrations\\Migrator.php(224): Illuminate\\Database\\Migrations\\Migrator->write('Illuminate\\\\Cons...', '2025_08_22_0522...', Object(Closure))
#16 C:\\xampp\\htdocs\\Laravel project\\laravel11-crash-course\\vendor\\laravel\\framework\\src\\Illuminate\\Database\\Migrations\\Migrator.php(189): Illuminate\\Database\\Migrations\\Migrator->runUp('C:\\\\xampp\\\\htdocs...', 2, false)
#17 C:\\xampp\\htdocs\\Laravel project\\laravel11-crash-course\\vendor\\laravel\\framework\\src\\Illuminate\\Database\\Migrations\\Migrator.php(132): Illuminate\\Database\\Migrations\\Migrator->runPending(Array, Array)
#18 C:\\xampp\\htdocs\\Laravel project\\laravel11-crash-course\\vendor\\laravel\\framework\\src\\Illuminate\\Database\\Console\\Migrations\\MigrateCommand.php(90): Illuminate\\Database\\Migrations\\Migrator->run(Array, Array)
#19 C:\\xampp\\htdocs\\Laravel project\\laravel11-crash-course\\vendor\\laravel\\framework\\src\\Illuminate\\Database\\Migrations\\Migrator.php(636): Illuminate\\Database\\Console\\Migrations\\MigrateCommand->Illuminate\\Database\\Console\\Migrations\\{closure}()
#20 C:\\xampp\\htdocs\\Laravel project\\laravel11-crash-course\\vendor\\laravel\\framework\\src\\Illuminate\\Database\\Console\\Migrations\\MigrateCommand.php(102): Illuminate\\Database\\Migrations\\Migrator->usingConnection(NULL, Object(Closure))
#21 C:\\xampp\\htdocs\\Laravel project\\laravel11-crash-course\\vendor\\laravel\\framework\\src\\Illuminate\\Container\\BoundMethod.php(36): Illuminate\\Database\\Console\\Migrations\\MigrateCommand->handle()
#22 C:\\xampp\\htdocs\\Laravel project\\laravel11-crash-course\\vendor\\laravel\\framework\\src\\Illuminate\\Container\\Util.php(41): Illuminate\\Container\\BoundMethod::Illuminate\\Container\\{closure}()
#23 C:\\xampp\\htdocs\\Laravel project\\laravel11-crash-course\\vendor\\laravel\\framework\\src\\Illuminate\\Container\\BoundMethod.php(93): Illuminate\\Container\\Util::unwrapIfClosure(Object(Closure))
#24 C:\\xampp\\htdocs\\Laravel project\\laravel11-crash-course\\vendor\\laravel\\framework\\src\\Illuminate\\Container\\BoundMethod.php(37): Illuminate\\Container\\BoundMethod::callBoundMethod(Object(Illuminate\\Foundation\\Application), Array, Object(Closure))
#25 C:\\xampp\\htdocs\\Laravel project\\laravel11-crash-course\\vendor\\laravel\\framework\\src\\Illuminate\\Container\\Container.php(661): Illuminate\\Container\\BoundMethod::call(Object(Illuminate\\Foundation\\Application), Array, Array, NULL)
#26 C:\\xampp\\htdocs\\Laravel project\\laravel11-crash-course\\vendor\\laravel\\framework\\src\\Illuminate\\Console\\Command.php(183): Illuminate\\Container\\Container->call(Array)
#27 C:\\xampp\\htdocs\\Laravel project\\laravel11-crash-course\\vendor\\symfony\\console\\Command\\Command.php(291): Illuminate\\Console\\Command->execute(Object(Symfony\\Component\\Console\\Input\\ArgvInput), Object(Illuminate\\Console\\OutputStyle))
#28 C:\\xampp\\htdocs\\Laravel project\\laravel11-crash-course\\vendor\\laravel\\framework\\src\\Illuminate\\Console\\Command.php(153): Symfony\\Component\\Console\\Command\\Command->run(Object(Symfony\\Component\\Console\\Input\\ArgvInput), Object(Illuminate\\Console\\OutputStyle))
#29 C:\\xampp\\htdocs\\Laravel project\\laravel11-crash-course\\vendor\\symfony\\console\\Application.php(1014): Illuminate\\Console\\Command->run(Object(Symfony\\Component\\Console\\Input\\ArgvInput), Object(Symfony\\Component\\Console\\Output\\ConsoleOutput))
#30 C:\\xampp\\htdocs\\Laravel project\\laravel11-crash-course\\vendor\\symfony\\console\\Application.php(301): Symfony\\Component\\Console\\Application->doRunCommand(Object(Illuminate\\Database\\Console\\Migrations\\MigrateCommand), Object(Symfony\\Component\\Console\\Input\\ArgvInput), Object(Symfony\\Component\\Console\\Output\\ConsoleOutput))
#31 C:\\xampp\\htdocs\\Laravel project\\laravel11-crash-course\\vendor\\symfony\\console\\Application.php(171): Symfony\\Component\\Console\\Application->doRun(Object(Symfony\\Component\\Console\\Input\\ArgvInput), Object(Symfony\\Component\\Console\\Output\\ConsoleOutput))
#32 C:\\xampp\\htdocs\\Laravel project\\laravel11-crash-course\\vendor\\laravel\\framework\\src\\Illuminate\\Console\\Application.php(102): Symfony\\Component\\Console\\Application->run(Object(Symfony\\Component\\Console\\Input\\ArgvInput), Object(Symfony\\Component\\Console\\Output\\ConsoleOutput))
#33 C:\\xampp\\htdocs\\Laravel project\\laravel11-crash-course\\vendor\\laravel\\framework\\src\\Illuminate\\Foundation\\Console\\Kernel.php(155): Illuminate\\Console\\Application->run(Object(Symfony\\Component\\Console\\Input\\ArgvInput), Object(Symfony\\Component\\Console\\Output\\ConsoleOutput))
#34 C:\\xampp\\htdocs\\Laravel project\\laravel11-crash-course\\artisan(37): Illuminate\\Foundation\\Console\\Kernel->handle(Object(Symfony\\Component\\Console\\Input\\ArgvInput), Object(Symfony\\Component\\Console\\Output\\ConsoleOutput))
#35 {main}
"} 
[2025-08-22 05:41:56] local.ERROR: SQLSTATE[42S01]: Base table or view already exists: 1050 Table 'notes' already exists (SQL: create table `notes` (`id` bigint unsigned not null auto_increment primary key, `note` longtext not null, `user_id` bigint unsigned not null, `created_at` timestamp null, `updated_at` timestamp null) default character set utf8mb4 collate 'utf8mb4_unicode_ci') {"exception":"[object] (Illuminate\\Database\\QueryException(code: 42S01): SQLSTATE[42S01]: Base table or view already exists: 1050 Table 'notes' already exists (SQL: create table `notes` (`id` bigint unsigned not null auto_increment primary key, `note` longtext not null, `user_id` bigint unsigned not null, `created_at` timestamp null, `updated_at` timestamp null) default character set utf8mb4 collate 'utf8mb4_unicode_ci') at C:\\xampp\\htdocs\\Laravel project\\laravel11-crash-course\\vendor\\laravel\\framework\\src\\Illuminate\\Database\\Connection.php:760)
[stacktrace]
#0 C:\\xampp\\htdocs\\Laravel project\\laravel11-crash-course\\vendor\\laravel\\framework\\src\\Illuminate\\Database\\Connection.php(720): Illuminate\\Database\\Connection->runQueryCallback('create table `n...', Array, Object(Closure))
#1 C:\\xampp\\htdocs\\Laravel project\\laravel11-crash-course\\vendor\\laravel\\framework\\src\\Illuminate\\Database\\Connection.php(546): Illuminate\\Database\\Connection->run('create table `n...', Array, Object(Closure))
#2 C:\\xampp\\htdocs\\Laravel project\\laravel11-crash-course\\vendor\\laravel\\framework\\src\\Illuminate\\Database\\Schema\\Blueprint.php(109): Illuminate\\Database\\Connection->statement('create table `n...')
#3 C:\\xampp\\htdocs\\Laravel project\\laravel11-crash-course\\vendor\\laravel\\framework\\src\\Illuminate\\Database\\Schema\\Builder.php(439): Illuminate\\Database\\Schema\\Blueprint->build(Object(Illuminate\\Database\\MySqlConnection), Object(Illuminate\\Database\\Schema\\Grammars\\MySqlGrammar))
#4 C:\\xampp\\htdocs\\Laravel project\\laravel11-crash-course\\vendor\\laravel\\framework\\src\\Illuminate\\Database\\Schema\\Builder.php(285): Illuminate\\Database\\Schema\\Builder->build(Object(Illuminate\\Database\\Schema\\Blueprint))
#5 C:\\xampp\\htdocs\\Laravel project\\laravel11-crash-course\\vendor\\laravel\\framework\\src\\Illuminate\\Support\\Facades\\Facade.php(338): Illuminate\\Database\\Schema\\Builder->create('notes', Object(Closure))
#6 C:\\xampp\\htdocs\\Laravel project\\laravel11-crash-course\\database\\migrations\\2025_08_22_052233_create_notes_table.php(21): Illuminate\\Support\\Facades\\Facade::__callStatic('create', Array)
#7 C:\\xampp\\htdocs\\Laravel project\\laravel11-crash-course\\vendor\\laravel\\framework\\src\\Illuminate\\Database\\Migrations\\Migrator.php(496): Illuminate\\Database\\Migrations\\Migration@anonymous->up()
#8 C:\\xampp\\htdocs\\Laravel project\\laravel11-crash-course\\vendor\\laravel\\framework\\src\\Illuminate\\Database\\Migrations\\Migrator.php(414): Illuminate\\Database\\Migrations\\Migrator->runMethod(Object(Illuminate\\Database\\MySqlConnection), Object(Illuminate\\Database\\Migrations\\Migration@anonymous), 'up')
#9 C:\\xampp\\htdocs\\Laravel project\\laravel11-crash-course\\vendor\\laravel\\framework\\src\\Illuminate\\Database\\Migrations\\Migrator.php(423): Illuminate\\Database\\Migrations\\Migrator->Illuminate\\Database\\Migrations\\{closure}()
#10 C:\\xampp\\htdocs\\Laravel project\\laravel11-crash-course\\vendor\\laravel\\framework\\src\\Illuminate\\Database\\Migrations\\Migrator.php(224): Illuminate\\Database\\Migrations\\Migrator->runMigration(Object(Illuminate\\Database\\Migrations\\Migration@anonymous), 'up')
#11 C:\\xampp\\htdocs\\Laravel project\\laravel11-crash-course\\vendor\\laravel\\framework\\src\\Illuminate\\Console\\View\\Components\\Task.php(37): Illuminate\\Database\\Migrations\\Migrator->Illuminate\\Database\\Migrations\\{closure}()
#12 C:\\xampp\\htdocs\\Laravel project\\laravel11-crash-course\\vendor\\laravel\\framework\\src\\Illuminate\\Database\\Migrations\\Migrator.php(778): Illuminate\\Console\\View\\Components\\Task->render('2025_08_22_0522...', Object(Closure))
#13 C:\\xampp\\htdocs\\Laravel project\\laravel11-crash-course\\vendor\\laravel\\framework\\src\\Illuminate\\Database\\Migrations\\Migrator.php(224): Illuminate\\Database\\Migrations\\Migrator->write('Illuminate\\\\Cons...', '2025_08_22_0522...', Object(Closure))
#14 C:\\xampp\\htdocs\\Laravel project\\laravel11-crash-course\\vendor\\laravel\\framework\\src\\Illuminate\\Database\\Migrations\\Migrator.php(189): Illuminate\\Database\\Migrations\\Migrator->runUp('C:\\\\xampp\\\\htdocs...', 2, false)
#15 C:\\xampp\\htdocs\\Laravel project\\laravel11-crash-course\\vendor\\laravel\\framework\\src\\Illuminate\\Database\\Migrations\\Migrator.php(132): Illuminate\\Database\\Migrations\\Migrator->runPending(Array, Array)
#16 C:\\xampp\\htdocs\\Laravel project\\laravel11-crash-course\\vendor\\laravel\\framework\\src\\Illuminate\\Database\\Console\\Migrations\\MigrateCommand.php(90): Illuminate\\Database\\Migrations\\Migrator->run(Array, Array)
#17 C:\\xampp\\htdocs\\Laravel project\\laravel11-crash-course\\vendor\\laravel\\framework\\src\\Illuminate\\Database\\Migrations\\Migrator.php(636): Illuminate\\Database\\Console\\Migrations\\MigrateCommand->Illuminate\\Database\\Console\\Migrations\\{closure}()
#18 C:\\xampp\\htdocs\\Laravel project\\laravel11-crash-course\\vendor\\laravel\\framework\\src\\Illuminate\\Database\\Console\\Migrations\\MigrateCommand.php(102): Illuminate\\Database\\Migrations\\Migrator->usingConnection(NULL, Object(Closure))
#19 C:\\xampp\\htdocs\\Laravel project\\laravel11-crash-course\\vendor\\laravel\\framework\\src\\Illuminate\\Container\\BoundMethod.php(36): Illuminate\\Database\\Console\\Migrations\\MigrateCommand->handle()
#20 C:\\xampp\\htdocs\\Laravel project\\laravel11-crash-course\\vendor\\laravel\\framework\\src\\Illuminate\\Container\\Util.php(41): Illuminate\\Container\\BoundMethod::Illuminate\\Container\\{closure}()
#21 C:\\xampp\\htdocs\\Laravel project\\laravel11-crash-course\\vendor\\laravel\\framework\\src\\Illuminate\\Container\\BoundMethod.php(93): Illuminate\\Container\\Util::unwrapIfClosure(Object(Closure))
#22 C:\\xampp\\htdocs\\Laravel project\\laravel11-crash-course\\vendor\\laravel\\framework\\src\\Illuminate\\Container\\BoundMethod.php(37): Illuminate\\Container\\BoundMethod::callBoundMethod(Object(Illuminate\\Foundation\\Application), Array, Object(Closure))
#23 C:\\xampp\\htdocs\\Laravel project\\laravel11-crash-course\\vendor\\laravel\\framework\\src\\Illuminate\\Container\\Container.php(661): Illuminate\\Container\\BoundMethod::call(Object(Illuminate\\Foundation\\Application), Array, Array, NULL)
#24 C:\\xampp\\htdocs\\Laravel project\\laravel11-crash-course\\vendor\\laravel\\framework\\src\\Illuminate\\Console\\Command.php(183): Illuminate\\Container\\Container->call(Array)
#25 C:\\xampp\\htdocs\\Laravel project\\laravel11-crash-course\\vendor\\symfony\\console\\Command\\Command.php(291): Illuminate\\Console\\Command->execute(Object(Symfony\\Component\\Console\\Input\\ArgvInput), Object(Illuminate\\Console\\OutputStyle))
#26 C:\\xampp\\htdocs\\Laravel project\\laravel11-crash-course\\vendor\\laravel\\framework\\src\\Illuminate\\Console\\Command.php(153): Symfony\\Component\\Console\\Command\\Command->run(Object(Symfony\\Component\\Console\\Input\\ArgvInput), Object(Illuminate\\Console\\OutputStyle))
#27 C:\\xampp\\htdocs\\Laravel project\\laravel11-crash-course\\vendor\\symfony\\console\\Application.php(1014): Illuminate\\Console\\Command->run(Object(Symfony\\Component\\Console\\Input\\ArgvInput), Object(Symfony\\Component\\Console\\Output\\ConsoleOutput))
#28 C:\\xampp\\htdocs\\Laravel project\\laravel11-crash-course\\vendor\\symfony\\console\\Application.php(301): Symfony\\Component\\Console\\Application->doRunCommand(Object(Illuminate\\Database\\Console\\Migrations\\MigrateCommand), Object(Symfony\\Component\\Console\\Input\\ArgvInput), Object(Symfony\\Component\\Console\\Output\\ConsoleOutput))
#29 C:\\xampp\\htdocs\\Laravel project\\laravel11-crash-course\\vendor\\symfony\\console\\Application.php(171): Symfony\\Component\\Console\\Application->doRun(Object(Symfony\\Component\\Console\\Input\\ArgvInput), Object(Symfony\\Component\\Console\\Output\\ConsoleOutput))
#30 C:\\xampp\\htdocs\\Laravel project\\laravel11-crash-course\\vendor\\laravel\\framework\\src\\Illuminate\\Console\\Application.php(102): Symfony\\Component\\Console\\Application->run(Object(Symfony\\Component\\Console\\Input\\ArgvInput), Object(Symfony\\Component\\Console\\Output\\ConsoleOutput))
#31 C:\\xampp\\htdocs\\Laravel project\\laravel11-crash-course\\vendor\\laravel\\framework\\src\\Illuminate\\Foundation\\Console\\Kernel.php(155): Illuminate\\Console\\Application->run(Object(Symfony\\Component\\Console\\Input\\ArgvInput), Object(Symfony\\Component\\Console\\Output\\ConsoleOutput))
#32 C:\\xampp\\htdocs\\Laravel project\\laravel11-crash-course\\artisan(37): Illuminate\\Foundation\\Console\\Kernel->handle(Object(Symfony\\Component\\Console\\Input\\ArgvInput), Object(Symfony\\Component\\Console\\Output\\ConsoleOutput))
#33 {main}

[previous exception] [object] (PDOException(code: 42S01): SQLSTATE[42S01]: Base table or view already exists: 1050 Table 'notes' already exists at C:\\xampp\\htdocs\\Laravel project\\laravel11-crash-course\\vendor\\laravel\\framework\\src\\Illuminate\\Database\\Connection.php:545)
[stacktrace]
#0 C:\\xampp\\htdocs\\Laravel project\\laravel11-crash-course\\vendor\\laravel\\framework\\src\\Illuminate\\Database\\Connection.php(545): PDOStatement->execute()
#1 C:\\xampp\\htdocs\\Laravel project\\laravel11-crash-course\\vendor\\laravel\\framework\\src\\Illuminate\\Database\\Connection.php(753): Illuminate\\Database\\Connection->Illuminate\\Database\\{closure}('create table `n...', Array)
#2 C:\\xampp\\htdocs\\Laravel project\\laravel11-crash-course\\vendor\\laravel\\framework\\src\\Illuminate\\Database\\Connection.php(720): Illuminate\\Database\\Connection->runQueryCallback('create table `n...', Array, Object(Closure))
#3 C:\\xampp\\htdocs\\Laravel project\\laravel11-crash-course\\vendor\\laravel\\framework\\src\\Illuminate\\Database\\Connection.php(546): Illuminate\\Database\\Connection->run('create table `n...', Array, Object(Closure))
#4 C:\\xampp\\htdocs\\Laravel project\\laravel11-crash-course\\vendor\\laravel\\framework\\src\\Illuminate\\Database\\Schema\\Blueprint.php(109): Illuminate\\Database\\Connection->statement('create table `n...')
#5 C:\\xampp\\htdocs\\Laravel project\\laravel11-crash-course\\vendor\\laravel\\framework\\src\\Illuminate\\Database\\Schema\\Builder.php(439): Illuminate\\Database\\Schema\\Blueprint->build(Object(Illuminate\\Database\\MySqlConnection), Object(Illuminate\\Database\\Schema\\Grammars\\MySqlGrammar))
#6 C:\\xampp\\htdocs\\Laravel project\\laravel11-crash-course\\vendor\\laravel\\framework\\src\\Illuminate\\Database\\Schema\\Builder.php(285): Illuminate\\Database\\Schema\\Builder->build(Object(Illuminate\\Database\\Schema\\Blueprint))
#7 C:\\xampp\\htdocs\\Laravel project\\laravel11-crash-course\\vendor\\laravel\\framework\\src\\Illuminate\\Support\\Facades\\Facade.php(338): Illuminate\\Database\\Schema\\Builder->create('notes', Object(Closure))
#8 C:\\xampp\\htdocs\\Laravel project\\laravel11-crash-course\\database\\migrations\\2025_08_22_052233_create_notes_table.php(21): Illuminate\\Support\\Facades\\Facade::__callStatic('create', Array)
#9 C:\\xampp\\htdocs\\Laravel project\\laravel11-crash-course\\vendor\\laravel\\framework\\src\\Illuminate\\Database\\Migrations\\Migrator.php(496): Illuminate\\Database\\Migrations\\Migration@anonymous->up()
#10 C:\\xampp\\htdocs\\Laravel project\\laravel11-crash-course\\vendor\\laravel\\framework\\src\\Illuminate\\Database\\Migrations\\Migrator.php(414): Illuminate\\Database\\Migrations\\Migrator->runMethod(Object(Illuminate\\Database\\MySqlConnection), Object(Illuminate\\Database\\Migrations\\Migration@anonymous), 'up')
#11 C:\\xampp\\htdocs\\Laravel project\\laravel11-crash-course\\vendor\\laravel\\framework\\src\\Illuminate\\Database\\Migrations\\Migrator.php(423): Illuminate\\Database\\Migrations\\Migrator->Illuminate\\Database\\Migrations\\{closure}()
#12 C:\\xampp\\htdocs\\Laravel project\\laravel11-crash-course\\vendor\\laravel\\framework\\src\\Illuminate\\Database\\Migrations\\Migrator.php(224): Illuminate\\Database\\Migrations\\Migrator->runMigration(Object(Illuminate\\Database\\Migrations\\Migration@anonymous), 'up')
#13 C:\\xampp\\htdocs\\Laravel project\\laravel11-crash-course\\vendor\\laravel\\framework\\src\\Illuminate\\Console\\View\\Components\\Task.php(37): Illuminate\\Database\\Migrations\\Migrator->Illuminate\\Database\\Migrations\\{closure}()
#14 C:\\xampp\\htdocs\\Laravel project\\laravel11-crash-course\\vendor\\laravel\\framework\\src\\Illuminate\\Database\\Migrations\\Migrator.php(778): Illuminate\\Console\\View\\Components\\Task->render('2025_08_22_0522...', Object(Closure))
#15 C:\\xampp\\htdocs\\Laravel project\\laravel11-crash-course\\vendor\\laravel\\framework\\src\\Illuminate\\Database\\Migrations\\Migrator.php(224): Illuminate\\Database\\Migrations\\Migrator->write('Illuminate\\\\Cons...', '2025_08_22_0522...', Object(Closure))
#16 C:\\xampp\\htdocs\\Laravel project\\laravel11-crash-course\\vendor\\laravel\\framework\\src\\Illuminate\\Database\\Migrations\\Migrator.php(189): Illuminate\\Database\\Migrations\\Migrator->runUp('C:\\\\xampp\\\\htdocs...', 2, false)
#17 C:\\xampp\\htdocs\\Laravel project\\laravel11-crash-course\\vendor\\laravel\\framework\\src\\Illuminate\\Database\\Migrations\\Migrator.php(132): Illuminate\\Database\\Migrations\\Migrator->runPending(Array, Array)
#18 C:\\xampp\\htdocs\\Laravel project\\laravel11-crash-course\\vendor\\laravel\\framework\\src\\Illuminate\\Database\\Console\\Migrations\\MigrateCommand.php(90): Illuminate\\Database\\Migrations\\Migrator->run(Array, Array)
#19 C:\\xampp\\htdocs\\Laravel project\\laravel11-crash-course\\vendor\\laravel\\framework\\src\\Illuminate\\Database\\Migrations\\Migrator.php(636): Illuminate\\Database\\Console\\Migrations\\MigrateCommand->Illuminate\\Database\\Console\\Migrations\\{closure}()
#20 C:\\xampp\\htdocs\\Laravel project\\laravel11-crash-course\\vendor\\laravel\\framework\\src\\Illuminate\\Database\\Console\\Migrations\\MigrateCommand.php(102): Illuminate\\Database\\Migrations\\Migrator->usingConnection(NULL, Object(Closure))
#21 C:\\xampp\\htdocs\\Laravel project\\laravel11-crash-course\\vendor\\laravel\\framework\\src\\Illuminate\\Container\\BoundMethod.php(36): Illuminate\\Database\\Console\\Migrations\\MigrateCommand->handle()
#22 C:\\xampp\\htdocs\\Laravel project\\laravel11-crash-course\\vendor\\laravel\\framework\\src\\Illuminate\\Container\\Util.php(41): Illuminate\\Container\\BoundMethod::Illuminate\\Container\\{closure}()
#23 C:\\xampp\\htdocs\\Laravel project\\laravel11-crash-course\\vendor\\laravel\\framework\\src\\Illuminate\\Container\\BoundMethod.php(93): Illuminate\\Container\\Util::unwrapIfClosure(Object(Closure))
#24 C:\\xampp\\htdocs\\Laravel project\\laravel11-crash-course\\vendor\\laravel\\framework\\src\\Illuminate\\Container\\BoundMethod.php(37): Illuminate\\Container\\BoundMethod::callBoundMethod(Object(Illuminate\\Foundation\\Application), Array, Object(Closure))
#25 C:\\xampp\\htdocs\\Laravel project\\laravel11-crash-course\\vendor\\laravel\\framework\\src\\Illuminate\\Container\\Container.php(661): Illuminate\\Container\\BoundMethod::call(Object(Illuminate\\Foundation\\Application), Array, Array, NULL)
#26 C:\\xampp\\htdocs\\Laravel project\\laravel11-crash-course\\vendor\\laravel\\framework\\src\\Illuminate\\Console\\Command.php(183): Illuminate\\Container\\Container->call(Array)
#27 C:\\xampp\\htdocs\\Laravel project\\laravel11-crash-course\\vendor\\symfony\\console\\Command\\Command.php(291): Illuminate\\Console\\Command->execute(Object(Symfony\\Component\\Console\\Input\\ArgvInput), Object(Illuminate\\Console\\OutputStyle))
#28 C:\\xampp\\htdocs\\Laravel project\\laravel11-crash-course\\vendor\\laravel\\framework\\src\\Illuminate\\Console\\Command.php(153): Symfony\\Component\\Console\\Command\\Command->run(Object(Symfony\\Component\\Console\\Input\\ArgvInput), Object(Illuminate\\Console\\OutputStyle))
#29 C:\\xampp\\htdocs\\Laravel project\\laravel11-crash-course\\vendor\\symfony\\console\\Application.php(1014): Illuminate\\Console\\Command->run(Object(Symfony\\Component\\Console\\Input\\ArgvInput), Object(Symfony\\Component\\Console\\Output\\ConsoleOutput))
#30 C:\\xampp\\htdocs\\Laravel project\\laravel11-crash-course\\vendor\\symfony\\console\\Application.php(301): Symfony\\Component\\Console\\Application->doRunCommand(Object(Illuminate\\Database\\Console\\Migrations\\MigrateCommand), Object(Symfony\\Component\\Console\\Input\\ArgvInput), Object(Symfony\\Component\\Console\\Output\\ConsoleOutput))
#31 C:\\xampp\\htdocs\\Laravel project\\laravel11-crash-course\\vendor\\symfony\\console\\Application.php(171): Symfony\\Component\\Console\\Application->doRun(Object(Symfony\\Component\\Console\\Input\\ArgvInput), Object(Symfony\\Component\\Console\\Output\\ConsoleOutput))
#32 C:\\xampp\\htdocs\\Laravel project\\laravel11-crash-course\\vendor\\laravel\\framework\\src\\Illuminate\\Console\\Application.php(102): Symfony\\Component\\Console\\Application->run(Object(Symfony\\Component\\Console\\Input\\ArgvInput), Object(Symfony\\Component\\Console\\Output\\ConsoleOutput))
#33 C:\\xampp\\htdocs\\Laravel project\\laravel11-crash-course\\vendor\\laravel\\framework\\src\\Illuminate\\Foundation\\Console\\Kernel.php(155): Illuminate\\Console\\Application->run(Object(Symfony\\Component\\Console\\Input\\ArgvInput), Object(Symfony\\Component\\Console\\Output\\ConsoleOutput))
#34 C:\\xampp\\htdocs\\Laravel project\\laravel11-crash-course\\artisan(37): Illuminate\\Foundation\\Console\\Kernel->handle(Object(Symfony\\Component\\Console\\Input\\ArgvInput), Object(Symfony\\Component\\Console\\Output\\ConsoleOutput))
#35 {main}
"} 
[2025-08-22 05:43:33] local.ERROR: SQLSTATE[42S01]: Base table or view already exists: 1050 Table 'notes' already exists (SQL: create table `notes` (`id` bigint unsigned not null auto_increment primary key, `note` longtext not null, `user_id` bigint unsigned not null, `created_at` timestamp null, `updated_at` timestamp null) default character set utf8mb4 collate 'utf8mb4_unicode_ci') {"exception":"[object] (Illuminate\\Database\\QueryException(code: 42S01): SQLSTATE[42S01]: Base table or view already exists: 1050 Table 'notes' already exists (SQL: create table `notes` (`id` bigint unsigned not null auto_increment primary key, `note` longtext not null, `user_id` bigint unsigned not null, `created_at` timestamp null, `updated_at` timestamp null) default character set utf8mb4 collate 'utf8mb4_unicode_ci') at C:\\xampp\\htdocs\\Laravel project\\laravel11-crash-course\\vendor\\laravel\\framework\\src\\Illuminate\\Database\\Connection.php:760)
[stacktrace]
#0 C:\\xampp\\htdocs\\Laravel project\\laravel11-crash-course\\vendor\\laravel\\framework\\src\\Illuminate\\Database\\Connection.php(720): Illuminate\\Database\\Connection->runQueryCallback('create table `n...', Array, Object(Closure))
#1 C:\\xampp\\htdocs\\Laravel project\\laravel11-crash-course\\vendor\\laravel\\framework\\src\\Illuminate\\Database\\Connection.php(546): Illuminate\\Database\\Connection->run('create table `n...', Array, Object(Closure))
#2 C:\\xampp\\htdocs\\Laravel project\\laravel11-crash-course\\vendor\\laravel\\framework\\src\\Illuminate\\Database\\Schema\\Blueprint.php(109): Illuminate\\Database\\Connection->statement('create table `n...')
#3 C:\\xampp\\htdocs\\Laravel project\\laravel11-crash-course\\vendor\\laravel\\framework\\src\\Illuminate\\Database\\Schema\\Builder.php(439): Illuminate\\Database\\Schema\\Blueprint->build(Object(Illuminate\\Database\\MySqlConnection), Object(Illuminate\\Database\\Schema\\Grammars\\MySqlGrammar))
#4 C:\\xampp\\htdocs\\Laravel project\\laravel11-crash-course\\vendor\\laravel\\framework\\src\\Illuminate\\Database\\Schema\\Builder.php(285): Illuminate\\Database\\Schema\\Builder->build(Object(Illuminate\\Database\\Schema\\Blueprint))
#5 C:\\xampp\\htdocs\\Laravel project\\laravel11-crash-course\\vendor\\laravel\\framework\\src\\Illuminate\\Support\\Facades\\Facade.php(338): Illuminate\\Database\\Schema\\Builder->create('notes', Object(Closure))
#6 C:\\xampp\\htdocs\\Laravel project\\laravel11-crash-course\\database\\migrations\\2025_08_22_052233_create_notes_table.php(21): Illuminate\\Support\\Facades\\Facade::__callStatic('create', Array)
#7 C:\\xampp\\htdocs\\Laravel project\\laravel11-crash-course\\vendor\\laravel\\framework\\src\\Illuminate\\Database\\Migrations\\Migrator.php(496): Illuminate\\Database\\Migrations\\Migration@anonymous->up()
#8 C:\\xampp\\htdocs\\Laravel project\\laravel11-crash-course\\vendor\\laravel\\framework\\src\\Illuminate\\Database\\Migrations\\Migrator.php(414): Illuminate\\Database\\Migrations\\Migrator->runMethod(Object(Illuminate\\Database\\MySqlConnection), Object(Illuminate\\Database\\Migrations\\Migration@anonymous), 'up')
#9 C:\\xampp\\htdocs\\Laravel project\\laravel11-crash-course\\vendor\\laravel\\framework\\src\\Illuminate\\Database\\Migrations\\Migrator.php(423): Illuminate\\Database\\Migrations\\Migrator->Illuminate\\Database\\Migrations\\{closure}()
#10 C:\\xampp\\htdocs\\Laravel project\\laravel11-crash-course\\vendor\\laravel\\framework\\src\\Illuminate\\Database\\Migrations\\Migrator.php(224): Illuminate\\Database\\Migrations\\Migrator->runMigration(Object(Illuminate\\Database\\Migrations\\Migration@anonymous), 'up')
#11 C:\\xampp\\htdocs\\Laravel project\\laravel11-crash-course\\vendor\\laravel\\framework\\src\\Illuminate\\Console\\View\\Components\\Task.php(37): Illuminate\\Database\\Migrations\\Migrator->Illuminate\\Database\\Migrations\\{closure}()
#12 C:\\xampp\\htdocs\\Laravel project\\laravel11-crash-course\\vendor\\laravel\\framework\\src\\Illuminate\\Database\\Migrations\\Migrator.php(778): Illuminate\\Console\\View\\Components\\Task->render('2025_08_22_0522...', Object(Closure))
#13 C:\\xampp\\htdocs\\Laravel project\\laravel11-crash-course\\vendor\\laravel\\framework\\src\\Illuminate\\Database\\Migrations\\Migrator.php(224): Illuminate\\Database\\Migrations\\Migrator->write('Illuminate\\\\Cons...', '2025_08_22_0522...', Object(Closure))
#14 C:\\xampp\\htdocs\\Laravel project\\laravel11-crash-course\\vendor\\laravel\\framework\\src\\Illuminate\\Database\\Migrations\\Migrator.php(189): Illuminate\\Database\\Migrations\\Migrator->runUp('C:\\\\xampp\\\\htdocs...', 2, false)
#15 C:\\xampp\\htdocs\\Laravel project\\laravel11-crash-course\\vendor\\laravel\\framework\\src\\Illuminate\\Database\\Migrations\\Migrator.php(132): Illuminate\\Database\\Migrations\\Migrator->runPending(Array, Array)
#16 C:\\xampp\\htdocs\\Laravel project\\laravel11-crash-course\\vendor\\laravel\\framework\\src\\Illuminate\\Database\\Console\\Migrations\\MigrateCommand.php(90): Illuminate\\Database\\Migrations\\Migrator->run(Array, Array)
#17 C:\\xampp\\htdocs\\Laravel project\\laravel11-crash-course\\vendor\\laravel\\framework\\src\\Illuminate\\Database\\Migrations\\Migrator.php(636): Illuminate\\Database\\Console\\Migrations\\MigrateCommand->Illuminate\\Database\\Console\\Migrations\\{closure}()
#18 C:\\xampp\\htdocs\\Laravel project\\laravel11-crash-course\\vendor\\laravel\\framework\\src\\Illuminate\\Database\\Console\\Migrations\\MigrateCommand.php(102): Illuminate\\Database\\Migrations\\Migrator->usingConnection(NULL, Object(Closure))
#19 C:\\xampp\\htdocs\\Laravel project\\laravel11-crash-course\\vendor\\laravel\\framework\\src\\Illuminate\\Container\\BoundMethod.php(36): Illuminate\\Database\\Console\\Migrations\\MigrateCommand->handle()
#20 C:\\xampp\\htdocs\\Laravel project\\laravel11-crash-course\\vendor\\laravel\\framework\\src\\Illuminate\\Container\\Util.php(41): Illuminate\\Container\\BoundMethod::Illuminate\\Container\\{closure}()
#21 C:\\xampp\\htdocs\\Laravel project\\laravel11-crash-course\\vendor\\laravel\\framework\\src\\Illuminate\\Container\\BoundMethod.php(93): Illuminate\\Container\\Util::unwrapIfClosure(Object(Closure))
#22 C:\\xampp\\htdocs\\Laravel project\\laravel11-crash-course\\vendor\\laravel\\framework\\src\\Illuminate\\Container\\BoundMethod.php(37): Illuminate\\Container\\BoundMethod::callBoundMethod(Object(Illuminate\\Foundation\\Application), Array, Object(Closure))
#23 C:\\xampp\\htdocs\\Laravel project\\laravel11-crash-course\\vendor\\laravel\\framework\\src\\Illuminate\\Container\\Container.php(661): Illuminate\\Container\\BoundMethod::call(Object(Illuminate\\Foundation\\Application), Array, Array, NULL)
#24 C:\\xampp\\htdocs\\Laravel project\\laravel11-crash-course\\vendor\\laravel\\framework\\src\\Illuminate\\Console\\Command.php(183): Illuminate\\Container\\Container->call(Array)
#25 C:\\xampp\\htdocs\\Laravel project\\laravel11-crash-course\\vendor\\symfony\\console\\Command\\Command.php(291): Illuminate\\Console\\Command->execute(Object(Symfony\\Component\\Console\\Input\\ArgvInput), Object(Illuminate\\Console\\OutputStyle))
#26 C:\\xampp\\htdocs\\Laravel project\\laravel11-crash-course\\vendor\\laravel\\framework\\src\\Illuminate\\Console\\Command.php(153): Symfony\\Component\\Console\\Command\\Command->run(Object(Symfony\\Component\\Console\\Input\\ArgvInput), Object(Illuminate\\Console\\OutputStyle))
#27 C:\\xampp\\htdocs\\Laravel project\\laravel11-crash-course\\vendor\\symfony\\console\\Application.php(1014): Illuminate\\Console\\Command->run(Object(Symfony\\Component\\Console\\Input\\ArgvInput), Object(Symfony\\Component\\Console\\Output\\ConsoleOutput))
#28 C:\\xampp\\htdocs\\Laravel project\\laravel11-crash-course\\vendor\\symfony\\console\\Application.php(301): Symfony\\Component\\Console\\Application->doRunCommand(Object(Illuminate\\Database\\Console\\Migrations\\MigrateCommand), Object(Symfony\\Component\\Console\\Input\\ArgvInput), Object(Symfony\\Component\\Console\\Output\\ConsoleOutput))
#29 C:\\xampp\\htdocs\\Laravel project\\laravel11-crash-course\\vendor\\symfony\\console\\Application.php(171): Symfony\\Component\\Console\\Application->doRun(Object(Symfony\\Component\\Console\\Input\\ArgvInput), Object(Symfony\\Component\\Console\\Output\\ConsoleOutput))
#30 C:\\xampp\\htdocs\\Laravel project\\laravel11-crash-course\\vendor\\laravel\\framework\\src\\Illuminate\\Console\\Application.php(102): Symfony\\Component\\Console\\Application->run(Object(Symfony\\Component\\Console\\Input\\ArgvInput), Object(Symfony\\Component\\Console\\Output\\ConsoleOutput))
#31 C:\\xampp\\htdocs\\Laravel project\\laravel11-crash-course\\vendor\\laravel\\framework\\src\\Illuminate\\Foundation\\Console\\Kernel.php(155): Illuminate\\Console\\Application->run(Object(Symfony\\Component\\Console\\Input\\ArgvInput), Object(Symfony\\Component\\Console\\Output\\ConsoleOutput))
#32 C:\\xampp\\htdocs\\Laravel project\\laravel11-crash-course\\artisan(37): Illuminate\\Foundation\\Console\\Kernel->handle(Object(Symfony\\Component\\Console\\Input\\ArgvInput), Object(Symfony\\Component\\Console\\Output\\ConsoleOutput))
#33 {main}

[previous exception] [object] (PDOException(code: 42S01): SQLSTATE[42S01]: Base table or view already exists: 1050 Table 'notes' already exists at C:\\xampp\\htdocs\\Laravel project\\laravel11-crash-course\\vendor\\laravel\\framework\\src\\Illuminate\\Database\\Connection.php:545)
[stacktrace]
#0 C:\\xampp\\htdocs\\Laravel project\\laravel11-crash-course\\vendor\\laravel\\framework\\src\\Illuminate\\Database\\Connection.php(545): PDOStatement->execute()
#1 C:\\xampp\\htdocs\\Laravel project\\laravel11-crash-course\\vendor\\laravel\\framework\\src\\Illuminate\\Database\\Connection.php(753): Illuminate\\Database\\Connection->Illuminate\\Database\\{closure}('create table `n...', Array)
#2 C:\\xampp\\htdocs\\Laravel project\\laravel11-crash-course\\vendor\\laravel\\framework\\src\\Illuminate\\Database\\Connection.php(720): Illuminate\\Database\\Connection->runQueryCallback('create table `n...', Array, Object(Closure))
#3 C:\\xampp\\htdocs\\Laravel project\\laravel11-crash-course\\vendor\\laravel\\framework\\src\\Illuminate\\Database\\Connection.php(546): Illuminate\\Database\\Connection->run('create table `n...', Array, Object(Closure))
#4 C:\\xampp\\htdocs\\Laravel project\\laravel11-crash-course\\vendor\\laravel\\framework\\src\\Illuminate\\Database\\Schema\\Blueprint.php(109): Illuminate\\Database\\Connection->statement('create table `n...')
#5 C:\\xampp\\htdocs\\Laravel project\\laravel11-crash-course\\vendor\\laravel\\framework\\src\\Illuminate\\Database\\Schema\\Builder.php(439): Illuminate\\Database\\Schema\\Blueprint->build(Object(Illuminate\\Database\\MySqlConnection), Object(Illuminate\\Database\\Schema\\Grammars\\MySqlGrammar))
#6 C:\\xampp\\htdocs\\Laravel project\\laravel11-crash-course\\vendor\\laravel\\framework\\src\\Illuminate\\Database\\Schema\\Builder.php(285): Illuminate\\Database\\Schema\\Builder->build(Object(Illuminate\\Database\\Schema\\Blueprint))
#7 C:\\xampp\\htdocs\\Laravel project\\laravel11-crash-course\\vendor\\laravel\\framework\\src\\Illuminate\\Support\\Facades\\Facade.php(338): Illuminate\\Database\\Schema\\Builder->create('notes', Object(Closure))
#8 C:\\xampp\\htdocs\\Laravel project\\laravel11-crash-course\\database\\migrations\\2025_08_22_052233_create_notes_table.php(21): Illuminate\\Support\\Facades\\Facade::__callStatic('create', Array)
#9 C:\\xampp\\htdocs\\Laravel project\\laravel11-crash-course\\vendor\\laravel\\framework\\src\\Illuminate\\Database\\Migrations\\Migrator.php(496): Illuminate\\Database\\Migrations\\Migration@anonymous->up()
#10 C:\\xampp\\htdocs\\Laravel project\\laravel11-crash-course\\vendor\\laravel\\framework\\src\\Illuminate\\Database\\Migrations\\Migrator.php(414): Illuminate\\Database\\Migrations\\Migrator->runMethod(Object(Illuminate\\Database\\MySqlConnection), Object(Illuminate\\Database\\Migrations\\Migration@anonymous), 'up')
#11 C:\\xampp\\htdocs\\Laravel project\\laravel11-crash-course\\vendor\\laravel\\framework\\src\\Illuminate\\Database\\Migrations\\Migrator.php(423): Illuminate\\Database\\Migrations\\Migrator->Illuminate\\Database\\Migrations\\{closure}()
#12 C:\\xampp\\htdocs\\Laravel project\\laravel11-crash-course\\vendor\\laravel\\framework\\src\\Illuminate\\Database\\Migrations\\Migrator.php(224): Illuminate\\Database\\Migrations\\Migrator->runMigration(Object(Illuminate\\Database\\Migrations\\Migration@anonymous), 'up')
#13 C:\\xampp\\htdocs\\Laravel project\\laravel11-crash-course\\vendor\\laravel\\framework\\src\\Illuminate\\Console\\View\\Components\\Task.php(37): Illuminate\\Database\\Migrations\\Migrator->Illuminate\\Database\\Migrations\\{closure}()
#14 C:\\xampp\\htdocs\\Laravel project\\laravel11-crash-course\\vendor\\laravel\\framework\\src\\Illuminate\\Database\\Migrations\\Migrator.php(778): Illuminate\\Console\\View\\Components\\Task->render('2025_08_22_0522...', Object(Closure))
#15 C:\\xampp\\htdocs\\Laravel project\\laravel11-crash-course\\vendor\\laravel\\framework\\src\\Illuminate\\Database\\Migrations\\Migrator.php(224): Illuminate\\Database\\Migrations\\Migrator->write('Illuminate\\\\Cons...', '2025_08_22_0522...', Object(Closure))
#16 C:\\xampp\\htdocs\\Laravel project\\laravel11-crash-course\\vendor\\laravel\\framework\\src\\Illuminate\\Database\\Migrations\\Migrator.php(189): Illuminate\\Database\\Migrations\\Migrator->runUp('C:\\\\xampp\\\\htdocs...', 2, false)
#17 C:\\xampp\\htdocs\\Laravel project\\laravel11-crash-course\\vendor\\laravel\\framework\\src\\Illuminate\\Database\\Migrations\\Migrator.php(132): Illuminate\\Database\\Migrations\\Migrator->runPending(Array, Array)
#18 C:\\xampp\\htdocs\\Laravel project\\laravel11-crash-course\\vendor\\laravel\\framework\\src\\Illuminate\\Database\\Console\\Migrations\\MigrateCommand.php(90): Illuminate\\Database\\Migrations\\Migrator->run(Array, Array)
#19 C:\\xampp\\htdocs\\Laravel project\\laravel11-crash-course\\vendor\\laravel\\framework\\src\\Illuminate\\Database\\Migrations\\Migrator.php(636): Illuminate\\Database\\Console\\Migrations\\MigrateCommand->Illuminate\\Database\\Console\\Migrations\\{closure}()
#20 C:\\xampp\\htdocs\\Laravel project\\laravel11-crash-course\\vendor\\laravel\\framework\\src\\Illuminate\\Database\\Console\\Migrations\\MigrateCommand.php(102): Illuminate\\Database\\Migrations\\Migrator->usingConnection(NULL, Object(Closure))
#21 C:\\xampp\\htdocs\\Laravel project\\laravel11-crash-course\\vendor\\laravel\\framework\\src\\Illuminate\\Container\\BoundMethod.php(36): Illuminate\\Database\\Console\\Migrations\\MigrateCommand->handle()
#22 C:\\xampp\\htdocs\\Laravel project\\laravel11-crash-course\\vendor\\laravel\\framework\\src\\Illuminate\\Container\\Util.php(41): Illuminate\\Container\\BoundMethod::Illuminate\\Container\\{closure}()
#23 C:\\xampp\\htdocs\\Laravel project\\laravel11-crash-course\\vendor\\laravel\\framework\\src\\Illuminate\\Container\\BoundMethod.php(93): Illuminate\\Container\\Util::unwrapIfClosure(Object(Closure))
#24 C:\\xampp\\htdocs\\Laravel project\\laravel11-crash-course\\vendor\\laravel\\framework\\src\\Illuminate\\Container\\BoundMethod.php(37): Illuminate\\Container\\BoundMethod::callBoundMethod(Object(Illuminate\\Foundation\\Application), Array, Object(Closure))
#25 C:\\xampp\\htdocs\\Laravel project\\laravel11-crash-course\\vendor\\laravel\\framework\\src\\Illuminate\\Container\\Container.php(661): Illuminate\\Container\\BoundMethod::call(Object(Illuminate\\Foundation\\Application), Array, Array, NULL)
#26 C:\\xampp\\htdocs\\Laravel project\\laravel11-crash-course\\vendor\\laravel\\framework\\src\\Illuminate\\Console\\Command.php(183): Illuminate\\Container\\Container->call(Array)
#27 C:\\xampp\\htdocs\\Laravel project\\laravel11-crash-course\\vendor\\symfony\\console\\Command\\Command.php(291): Illuminate\\Console\\Command->execute(Object(Symfony\\Component\\Console\\Input\\ArgvInput), Object(Illuminate\\Console\\OutputStyle))
#28 C:\\xampp\\htdocs\\Laravel project\\laravel11-crash-course\\vendor\\laravel\\framework\\src\\Illuminate\\Console\\Command.php(153): Symfony\\Component\\Console\\Command\\Command->run(Object(Symfony\\Component\\Console\\Input\\ArgvInput), Object(Illuminate\\Console\\OutputStyle))
#29 C:\\xampp\\htdocs\\Laravel project\\laravel11-crash-course\\vendor\\symfony\\console\\Application.php(1014): Illuminate\\Console\\Command->run(Object(Symfony\\Component\\Console\\Input\\ArgvInput), Object(Symfony\\Component\\Console\\Output\\ConsoleOutput))
#30 C:\\xampp\\htdocs\\Laravel project\\laravel11-crash-course\\vendor\\symfony\\console\\Application.php(301): Symfony\\Component\\Console\\Application->doRunCommand(Object(Illuminate\\Database\\Console\\Migrations\\MigrateCommand), Object(Symfony\\Component\\Console\\Input\\ArgvInput), Object(Symfony\\Component\\Console\\Output\\ConsoleOutput))
#31 C:\\xampp\\htdocs\\Laravel project\\laravel11-crash-course\\vendor\\symfony\\console\\Application.php(171): Symfony\\Component\\Console\\Application->doRun(Object(Symfony\\Component\\Console\\Input\\ArgvInput), Object(Symfony\\Component\\Console\\Output\\ConsoleOutput))
#32 C:\\xampp\\htdocs\\Laravel project\\laravel11-crash-course\\vendor\\laravel\\framework\\src\\Illuminate\\Console\\Application.php(102): Symfony\\Component\\Console\\Application->run(Object(Symfony\\Component\\Console\\Input\\ArgvInput), Object(Symfony\\Component\\Console\\Output\\ConsoleOutput))
#33 C:\\xampp\\htdocs\\Laravel project\\laravel11-crash-course\\vendor\\laravel\\framework\\src\\Illuminate\\Foundation\\Console\\Kernel.php(155): Illuminate\\Console\\Application->run(Object(Symfony\\Component\\Console\\Input\\ArgvInput), Object(Symfony\\Component\\Console\\Output\\ConsoleOutput))
#34 C:\\xampp\\htdocs\\Laravel project\\laravel11-crash-course\\artisan(37): Illuminate\\Foundation\\Console\\Kernel->handle(Object(Symfony\\Component\\Console\\Input\\ArgvInput), Object(Symfony\\Component\\Console\\Output\\ConsoleOutput))
#35 {main}
"} 
[2025-08-22 05:46:38] local.ERROR: SQLSTATE[42S01]: Base table or view already exists: 1050 Table 'notes' already exists (SQL: create table `notes` (`id` bigint unsigned not null auto_increment primary key, `note` longtext not null, `user_id` bigint unsigned not null, `created_at` timestamp null, `updated_at` timestamp null) default character set utf8mb4 collate 'utf8mb4_unicode_ci') {"exception":"[object] (Illuminate\\Database\\QueryException(code: 42S01): SQLSTATE[42S01]: Base table or view already exists: 1050 Table 'notes' already exists (SQL: create table `notes` (`id` bigint unsigned not null auto_increment primary key, `note` longtext not null, `user_id` bigint unsigned not null, `created_at` timestamp null, `updated_at` timestamp null) default character set utf8mb4 collate 'utf8mb4_unicode_ci') at C:\\xampp\\htdocs\\Laravel project\\laravel11-crash-course\\vendor\\laravel\\framework\\src\\Illuminate\\Database\\Connection.php:760)
[stacktrace]
#0 C:\\xampp\\htdocs\\Laravel project\\laravel11-crash-course\\vendor\\laravel\\framework\\src\\Illuminate\\Database\\Connection.php(720): Illuminate\\Database\\Connection->runQueryCallback('create table `n...', Array, Object(Closure))
#1 C:\\xampp\\htdocs\\Laravel project\\laravel11-crash-course\\vendor\\laravel\\framework\\src\\Illuminate\\Database\\Connection.php(546): Illuminate\\Database\\Connection->run('create table `n...', Array, Object(Closure))
#2 C:\\xampp\\htdocs\\Laravel project\\laravel11-crash-course\\vendor\\laravel\\framework\\src\\Illuminate\\Database\\Schema\\Blueprint.php(109): Illuminate\\Database\\Connection->statement('create table `n...')
#3 C:\\xampp\\htdocs\\Laravel project\\laravel11-crash-course\\vendor\\laravel\\framework\\src\\Illuminate\\Database\\Schema\\Builder.php(439): Illuminate\\Database\\Schema\\Blueprint->build(Object(Illuminate\\Database\\MySqlConnection), Object(Illuminate\\Database\\Schema\\Grammars\\MySqlGrammar))
#4 C:\\xampp\\htdocs\\Laravel project\\laravel11-crash-course\\vendor\\laravel\\framework\\src\\Illuminate\\Database\\Schema\\Builder.php(285): Illuminate\\Database\\Schema\\Builder->build(Object(Illuminate\\Database\\Schema\\Blueprint))
#5 C:\\xampp\\htdocs\\Laravel project\\laravel11-crash-course\\vendor\\laravel\\framework\\src\\Illuminate\\Support\\Facades\\Facade.php(338): Illuminate\\Database\\Schema\\Builder->create('notes', Object(Closure))
#6 C:\\xampp\\htdocs\\Laravel project\\laravel11-crash-course\\database\\migrations\\2025_08_22_052233_create_notes_table.php(21): Illuminate\\Support\\Facades\\Facade::__callStatic('create', Array)
#7 C:\\xampp\\htdocs\\Laravel project\\laravel11-crash-course\\vendor\\laravel\\framework\\src\\Illuminate\\Database\\Migrations\\Migrator.php(496): Illuminate\\Database\\Migrations\\Migration@anonymous->up()
#8 C:\\xampp\\htdocs\\Laravel project\\laravel11-crash-course\\vendor\\laravel\\framework\\src\\Illuminate\\Database\\Migrations\\Migrator.php(414): Illuminate\\Database\\Migrations\\Migrator->runMethod(Object(Illuminate\\Database\\MySqlConnection), Object(Illuminate\\Database\\Migrations\\Migration@anonymous), 'up')
#9 C:\\xampp\\htdocs\\Laravel project\\laravel11-crash-course\\vendor\\laravel\\framework\\src\\Illuminate\\Database\\Migrations\\Migrator.php(423): Illuminate\\Database\\Migrations\\Migrator->Illuminate\\Database\\Migrations\\{closure}()
#10 C:\\xampp\\htdocs\\Laravel project\\laravel11-crash-course\\vendor\\laravel\\framework\\src\\Illuminate\\Database\\Migrations\\Migrator.php(224): Illuminate\\Database\\Migrations\\Migrator->runMigration(Object(Illuminate\\Database\\Migrations\\Migration@anonymous), 'up')
#11 C:\\xampp\\htdocs\\Laravel project\\laravel11-crash-course\\vendor\\laravel\\framework\\src\\Illuminate\\Console\\View\\Components\\Task.php(37): Illuminate\\Database\\Migrations\\Migrator->Illuminate\\Database\\Migrations\\{closure}()
#12 C:\\xampp\\htdocs\\Laravel project\\laravel11-crash-course\\vendor\\laravel\\framework\\src\\Illuminate\\Database\\Migrations\\Migrator.php(778): Illuminate\\Console\\View\\Components\\Task->render('2025_08_22_0522...', Object(Closure))
#13 C:\\xampp\\htdocs\\Laravel project\\laravel11-crash-course\\vendor\\laravel\\framework\\src\\Illuminate\\Database\\Migrations\\Migrator.php(224): Illuminate\\Database\\Migrations\\Migrator->write('Illuminate\\\\Cons...', '2025_08_22_0522...', Object(Closure))
#14 C:\\xampp\\htdocs\\Laravel project\\laravel11-crash-course\\vendor\\laravel\\framework\\src\\Illuminate\\Database\\Migrations\\Migrator.php(189): Illuminate\\Database\\Migrations\\Migrator->runUp('C:\\\\xampp\\\\htdocs...', 2, false)
#15 C:\\xampp\\htdocs\\Laravel project\\laravel11-crash-course\\vendor\\laravel\\framework\\src\\Illuminate\\Database\\Migrations\\Migrator.php(132): Illuminate\\Database\\Migrations\\Migrator->runPending(Array, Array)
#16 C:\\xampp\\htdocs\\Laravel project\\laravel11-crash-course\\vendor\\laravel\\framework\\src\\Illuminate\\Database\\Console\\Migrations\\MigrateCommand.php(90): Illuminate\\Database\\Migrations\\Migrator->run(Array, Array)
#17 C:\\xampp\\htdocs\\Laravel project\\laravel11-crash-course\\vendor\\laravel\\framework\\src\\Illuminate\\Database\\Migrations\\Migrator.php(636): Illuminate\\Database\\Console\\Migrations\\MigrateCommand->Illuminate\\Database\\Console\\Migrations\\{closure}()
#18 C:\\xampp\\htdocs\\Laravel project\\laravel11-crash-course\\vendor\\laravel\\framework\\src\\Illuminate\\Database\\Console\\Migrations\\MigrateCommand.php(102): Illuminate\\Database\\Migrations\\Migrator->usingConnection(NULL, Object(Closure))
#19 C:\\xampp\\htdocs\\Laravel project\\laravel11-crash-course\\vendor\\laravel\\framework\\src\\Illuminate\\Container\\BoundMethod.php(36): Illuminate\\Database\\Console\\Migrations\\MigrateCommand->handle()
#20 C:\\xampp\\htdocs\\Laravel project\\laravel11-crash-course\\vendor\\laravel\\framework\\src\\Illuminate\\Container\\Util.php(41): Illuminate\\Container\\BoundMethod::Illuminate\\Container\\{closure}()
#21 C:\\xampp\\htdocs\\Laravel project\\laravel11-crash-course\\vendor\\laravel\\framework\\src\\Illuminate\\Container\\BoundMethod.php(93): Illuminate\\Container\\Util::unwrapIfClosure(Object(Closure))
#22 C:\\xampp\\htdocs\\Laravel project\\laravel11-crash-course\\vendor\\laravel\\framework\\src\\Illuminate\\Container\\BoundMethod.php(37): Illuminate\\Container\\BoundMethod::callBoundMethod(Object(Illuminate\\Foundation\\Application), Array, Object(Closure))
#23 C:\\xampp\\htdocs\\Laravel project\\laravel11-crash-course\\vendor\\laravel\\framework\\src\\Illuminate\\Container\\Container.php(661): Illuminate\\Container\\BoundMethod::call(Object(Illuminate\\Foundation\\Application), Array, Array, NULL)
#24 C:\\xampp\\htdocs\\Laravel project\\laravel11-crash-course\\vendor\\laravel\\framework\\src\\Illuminate\\Console\\Command.php(183): Illuminate\\Container\\Container->call(Array)
#25 C:\\xampp\\htdocs\\Laravel project\\laravel11-crash-course\\vendor\\symfony\\console\\Command\\Command.php(291): Illuminate\\Console\\Command->execute(Object(Symfony\\Component\\Console\\Input\\ArgvInput), Object(Illuminate\\Console\\OutputStyle))
#26 C:\\xampp\\htdocs\\Laravel project\\laravel11-crash-course\\vendor\\laravel\\framework\\src\\Illuminate\\Console\\Command.php(153): Symfony\\Component\\Console\\Command\\Command->run(Object(Symfony\\Component\\Console\\Input\\ArgvInput), Object(Illuminate\\Console\\OutputStyle))
#27 C:\\xampp\\htdocs\\Laravel project\\laravel11-crash-course\\vendor\\symfony\\console\\Application.php(1014): Illuminate\\Console\\Command->run(Object(Symfony\\Component\\Console\\Input\\ArgvInput), Object(Symfony\\Component\\Console\\Output\\ConsoleOutput))
#28 C:\\xampp\\htdocs\\Laravel project\\laravel11-crash-course\\vendor\\symfony\\console\\Application.php(301): Symfony\\Component\\Console\\Application->doRunCommand(Object(Illuminate\\Database\\Console\\Migrations\\MigrateCommand), Object(Symfony\\Component\\Console\\Input\\ArgvInput), Object(Symfony\\Component\\Console\\Output\\ConsoleOutput))
#29 C:\\xampp\\htdocs\\Laravel project\\laravel11-crash-course\\vendor\\symfony\\console\\Application.php(171): Symfony\\Component\\Console\\Application->doRun(Object(Symfony\\Component\\Console\\Input\\ArgvInput), Object(Symfony\\Component\\Console\\Output\\ConsoleOutput))
#30 C:\\xampp\\htdocs\\Laravel project\\laravel11-crash-course\\vendor\\laravel\\framework\\src\\Illuminate\\Console\\Application.php(102): Symfony\\Component\\Console\\Application->run(Object(Symfony\\Component\\Console\\Input\\ArgvInput), Object(Symfony\\Component\\Console\\Output\\ConsoleOutput))
#31 C:\\xampp\\htdocs\\Laravel project\\laravel11-crash-course\\vendor\\laravel\\framework\\src\\Illuminate\\Foundation\\Console\\Kernel.php(155): Illuminate\\Console\\Application->run(Object(Symfony\\Component\\Console\\Input\\ArgvInput), Object(Symfony\\Component\\Console\\Output\\ConsoleOutput))
#32 C:\\xampp\\htdocs\\Laravel project\\laravel11-crash-course\\artisan(37): Illuminate\\Foundation\\Console\\Kernel->handle(Object(Symfony\\Component\\Console\\Input\\ArgvInput), Object(Symfony\\Component\\Console\\Output\\ConsoleOutput))
#33 {main}

[previous exception] [object] (PDOException(code: 42S01): SQLSTATE[42S01]: Base table or view already exists: 1050 Table 'notes' already exists at C:\\xampp\\htdocs\\Laravel project\\laravel11-crash-course\\vendor\\laravel\\framework\\src\\Illuminate\\Database\\Connection.php:545)
[stacktrace]
#0 C:\\xampp\\htdocs\\Laravel project\\laravel11-crash-course\\vendor\\laravel\\framework\\src\\Illuminate\\Database\\Connection.php(545): PDOStatement->execute()
#1 C:\\xampp\\htdocs\\Laravel project\\laravel11-crash-course\\vendor\\laravel\\framework\\src\\Illuminate\\Database\\Connection.php(753): Illuminate\\Database\\Connection->Illuminate\\Database\\{closure}('create table `n...', Array)
#2 C:\\xampp\\htdocs\\Laravel project\\laravel11-crash-course\\vendor\\laravel\\framework\\src\\Illuminate\\Database\\Connection.php(720): Illuminate\\Database\\Connection->runQueryCallback('create table `n...', Array, Object(Closure))
#3 C:\\xampp\\htdocs\\Laravel project\\laravel11-crash-course\\vendor\\laravel\\framework\\src\\Illuminate\\Database\\Connection.php(546): Illuminate\\Database\\Connection->run('create table `n...', Array, Object(Closure))
#4 C:\\xampp\\htdocs\\Laravel project\\laravel11-crash-course\\vendor\\laravel\\framework\\src\\Illuminate\\Database\\Schema\\Blueprint.php(109): Illuminate\\Database\\Connection->statement('create table `n...')
#5 C:\\xampp\\htdocs\\Laravel project\\laravel11-crash-course\\vendor\\laravel\\framework\\src\\Illuminate\\Database\\Schema\\Builder.php(439): Illuminate\\Database\\Schema\\Blueprint->build(Object(Illuminate\\Database\\MySqlConnection), Object(Illuminate\\Database\\Schema\\Grammars\\MySqlGrammar))
#6 C:\\xampp\\htdocs\\Laravel project\\laravel11-crash-course\\vendor\\laravel\\framework\\src\\Illuminate\\Database\\Schema\\Builder.php(285): Illuminate\\Database\\Schema\\Builder->build(Object(Illuminate\\Database\\Schema\\Blueprint))
#7 C:\\xampp\\htdocs\\Laravel project\\laravel11-crash-course\\vendor\\laravel\\framework\\src\\Illuminate\\Support\\Facades\\Facade.php(338): Illuminate\\Database\\Schema\\Builder->create('notes', Object(Closure))
#8 C:\\xampp\\htdocs\\Laravel project\\laravel11-crash-course\\database\\migrations\\2025_08_22_052233_create_notes_table.php(21): Illuminate\\Support\\Facades\\Facade::__callStatic('create', Array)
#9 C:\\xampp\\htdocs\\Laravel project\\laravel11-crash-course\\vendor\\laravel\\framework\\src\\Illuminate\\Database\\Migrations\\Migrator.php(496): Illuminate\\Database\\Migrations\\Migration@anonymous->up()
#10 C:\\xampp\\htdocs\\Laravel project\\laravel11-crash-course\\vendor\\laravel\\framework\\src\\Illuminate\\Database\\Migrations\\Migrator.php(414): Illuminate\\Database\\Migrations\\Migrator->runMethod(Object(Illuminate\\Database\\MySqlConnection), Object(Illuminate\\Database\\Migrations\\Migration@anonymous), 'up')
#11 C:\\xampp\\htdocs\\Laravel project\\laravel11-crash-course\\vendor\\laravel\\framework\\src\\Illuminate\\Database\\Migrations\\Migrator.php(423): Illuminate\\Database\\Migrations\\Migrator->Illuminate\\Database\\Migrations\\{closure}()
#12 C:\\xampp\\htdocs\\Laravel project\\laravel11-crash-course\\vendor\\laravel\\framework\\src\\Illuminate\\Database\\Migrations\\Migrator.php(224): Illuminate\\Database\\Migrations\\Migrator->runMigration(Object(Illuminate\\Database\\Migrations\\Migration@anonymous), 'up')
#13 C:\\xampp\\htdocs\\Laravel project\\laravel11-crash-course\\vendor\\laravel\\framework\\src\\Illuminate\\Console\\View\\Components\\Task.php(37): Illuminate\\Database\\Migrations\\Migrator->Illuminate\\Database\\Migrations\\{closure}()
#14 C:\\xampp\\htdocs\\Laravel project\\laravel11-crash-course\\vendor\\laravel\\framework\\src\\Illuminate\\Database\\Migrations\\Migrator.php(778): Illuminate\\Console\\View\\Components\\Task->render('2025_08_22_0522...', Object(Closure))
#15 C:\\xampp\\htdocs\\Laravel project\\laravel11-crash-course\\vendor\\laravel\\framework\\src\\Illuminate\\Database\\Migrations\\Migrator.php(224): Illuminate\\Database\\Migrations\\Migrator->write('Illuminate\\\\Cons...', '2025_08_22_0522...', Object(Closure))
#16 C:\\xampp\\htdocs\\Laravel project\\laravel11-crash-course\\vendor\\laravel\\framework\\src\\Illuminate\\Database\\Migrations\\Migrator.php(189): Illuminate\\Database\\Migrations\\Migrator->runUp('C:\\\\xampp\\\\htdocs...', 2, false)
#17 C:\\xampp\\htdocs\\Laravel project\\laravel11-crash-course\\vendor\\laravel\\framework\\src\\Illuminate\\Database\\Migrations\\Migrator.php(132): Illuminate\\Database\\Migrations\\Migrator->runPending(Array, Array)
#18 C:\\xampp\\htdocs\\Laravel project\\laravel11-crash-course\\vendor\\laravel\\framework\\src\\Illuminate\\Database\\Console\\Migrations\\MigrateCommand.php(90): Illuminate\\Database\\Migrations\\Migrator->run(Array, Array)
#19 C:\\xampp\\htdocs\\Laravel project\\laravel11-crash-course\\vendor\\laravel\\framework\\src\\Illuminate\\Database\\Migrations\\Migrator.php(636): Illuminate\\Database\\Console\\Migrations\\MigrateCommand->Illuminate\\Database\\Console\\Migrations\\{closure}()
#20 C:\\xampp\\htdocs\\Laravel project\\laravel11-crash-course\\vendor\\laravel\\framework\\src\\Illuminate\\Database\\Console\\Migrations\\MigrateCommand.php(102): Illuminate\\Database\\Migrations\\Migrator->usingConnection(NULL, Object(Closure))
#21 C:\\xampp\\htdocs\\Laravel project\\laravel11-crash-course\\vendor\\laravel\\framework\\src\\Illuminate\\Container\\BoundMethod.php(36): Illuminate\\Database\\Console\\Migrations\\MigrateCommand->handle()
#22 C:\\xampp\\htdocs\\Laravel project\\laravel11-crash-course\\vendor\\laravel\\framework\\src\\Illuminate\\Container\\Util.php(41): Illuminate\\Container\\BoundMethod::Illuminate\\Container\\{closure}()
#23 C:\\xampp\\htdocs\\Laravel project\\laravel11-crash-course\\vendor\\laravel\\framework\\src\\Illuminate\\Container\\BoundMethod.php(93): Illuminate\\Container\\Util::unwrapIfClosure(Object(Closure))
#24 C:\\xampp\\htdocs\\Laravel project\\laravel11-crash-course\\vendor\\laravel\\framework\\src\\Illuminate\\Container\\BoundMethod.php(37): Illuminate\\Container\\BoundMethod::callBoundMethod(Object(Illuminate\\Foundation\\Application), Array, Object(Closure))
#25 C:\\xampp\\htdocs\\Laravel project\\laravel11-crash-course\\vendor\\laravel\\framework\\src\\Illuminate\\Container\\Container.php(661): Illuminate\\Container\\BoundMethod::call(Object(Illuminate\\Foundation\\Application), Array, Array, NULL)
#26 C:\\xampp\\htdocs\\Laravel project\\laravel11-crash-course\\vendor\\laravel\\framework\\src\\Illuminate\\Console\\Command.php(183): Illuminate\\Container\\Container->call(Array)
#27 C:\\xampp\\htdocs\\Laravel project\\laravel11-crash-course\\vendor\\symfony\\console\\Command\\Command.php(291): Illuminate\\Console\\Command->execute(Object(Symfony\\Component\\Console\\Input\\ArgvInput), Object(Illuminate\\Console\\OutputStyle))
#28 C:\\xampp\\htdocs\\Laravel project\\laravel11-crash-course\\vendor\\laravel\\framework\\src\\Illuminate\\Console\\Command.php(153): Symfony\\Component\\Console\\Command\\Command->run(Object(Symfony\\Component\\Console\\Input\\ArgvInput), Object(Illuminate\\Console\\OutputStyle))
#29 C:\\xampp\\htdocs\\Laravel project\\laravel11-crash-course\\vendor\\symfony\\console\\Application.php(1014): Illuminate\\Console\\Command->run(Object(Symfony\\Component\\Console\\Input\\ArgvInput), Object(Symfony\\Component\\Console\\Output\\ConsoleOutput))
#30 C:\\xampp\\htdocs\\Laravel project\\laravel11-crash-course\\vendor\\symfony\\console\\Application.php(301): Symfony\\Component\\Console\\Application->doRunCommand(Object(Illuminate\\Database\\Console\\Migrations\\MigrateCommand), Object(Symfony\\Component\\Console\\Input\\ArgvInput), Object(Symfony\\Component\\Console\\Output\\ConsoleOutput))
#31 C:\\xampp\\htdocs\\Laravel project\\laravel11-crash-course\\vendor\\symfony\\console\\Application.php(171): Symfony\\Component\\Console\\Application->doRun(Object(Symfony\\Component\\Console\\Input\\ArgvInput), Object(Symfony\\Component\\Console\\Output\\ConsoleOutput))
#32 C:\\xampp\\htdocs\\Laravel project\\laravel11-crash-course\\vendor\\laravel\\framework\\src\\Illuminate\\Console\\Application.php(102): Symfony\\Component\\Console\\Application->run(Object(Symfony\\Component\\Console\\Input\\ArgvInput), Object(Symfony\\Component\\Console\\Output\\ConsoleOutput))
#33 C:\\xampp\\htdocs\\Laravel project\\laravel11-crash-course\\vendor\\laravel\\framework\\src\\Illuminate\\Foundation\\Console\\Kernel.php(155): Illuminate\\Console\\Application->run(Object(Symfony\\Component\\Console\\Input\\ArgvInput), Object(Symfony\\Component\\Console\\Output\\ConsoleOutput))
#34 C:\\xampp\\htdocs\\Laravel project\\laravel11-crash-course\\artisan(37): Illuminate\\Foundation\\Console\\Kernel->handle(Object(Symfony\\Component\\Console\\Input\\ArgvInput), Object(Symfony\\Component\\Console\\Output\\ConsoleOutput))
#35 {main}
"} 
[2025-08-22 06:08:21] local.ERROR: SQLSTATE[42S22]: Column not found: 1054 Unknown column 'passwod' in 'field list' (SQL: insert into `users` (`name`, `email`, `email_verified_at`, `password`, `remember_token`, `id`, `passwod`, `updated_at`, `created_at`) values (Test User, test@example.com, 2025-08-22 06:08:19, $2y$10$92IXUNpkjO0rOQ5byMi.Ye4oKoEa3Ro9llC/.og/at2.uheWG/igi, VbdVCJfBiz, 1, $2y$10$Grar5cdEBhXZYheOmdPHC.2bjXyNw3VMH/XtM6RtFtFbc7ch7WKxu, 2025-08-22 06:08:20, 2025-08-22 06:08:20)) {"exception":"[object] (Illuminate\\Database\\QueryException(code: 42S22): SQLSTATE[42S22]: Column not found: 1054 Unknown column 'passwod' in 'field list' (SQL: insert into `users` (`name`, `email`, `email_verified_at`, `password`, `remember_token`, `id`, `passwod`, `updated_at`, `created_at`) values (Test User, test@example.com, 2025-08-22 06:08:19, $2y$10$92IXUNpkjO0rOQ5byMi.Ye4oKoEa3Ro9llC/.og/at2.uheWG/igi, VbdVCJfBiz, 1, $2y$10$Grar5cdEBhXZYheOmdPHC.2bjXyNw3VMH/XtM6RtFtFbc7ch7WKxu, 2025-08-22 06:08:20, 2025-08-22 06:08:20)) at C:\\xampp\\htdocs\\Laravel project\\laravel11-crash-course\\vendor\\laravel\\framework\\src\\Illuminate\\Database\\Connection.php:760)
[stacktrace]
#0 C:\\xampp\\htdocs\\Laravel project\\laravel11-crash-course\\vendor\\laravel\\framework\\src\\Illuminate\\Database\\Connection.php(720): Illuminate\\Database\\Connection->runQueryCallback('insert into `us...', Array, Object(Closure))
#1 C:\\xampp\\htdocs\\Laravel project\\laravel11-crash-course\\vendor\\laravel\\framework\\src\\Illuminate\\Database\\Connection.php(546): Illuminate\\Database\\Connection->run('insert into `us...', Array, Object(Closure))
#2 C:\\xampp\\htdocs\\Laravel project\\laravel11-crash-course\\vendor\\laravel\\framework\\src\\Illuminate\\Database\\Connection.php(498): Illuminate\\Database\\Connection->statement('insert into `us...', Array)
#3 C:\\xampp\\htdocs\\Laravel project\\laravel11-crash-course\\vendor\\laravel\\framework\\src\\Illuminate\\Database\\Query\\Processors\\Processor.php(32): Illuminate\\Database\\Connection->insert('insert into `us...', Array)
#4 C:\\xampp\\htdocs\\Laravel project\\laravel11-crash-course\\vendor\\laravel\\framework\\src\\Illuminate\\Database\\Query\\Builder.php(3322): Illuminate\\Database\\Query\\Processors\\Processor->processInsertGetId(Object(Illuminate\\Database\\Query\\Builder), 'insert into `us...', Array, 'id')
#5 C:\\xampp\\htdocs\\Laravel project\\laravel11-crash-course\\vendor\\laravel\\framework\\src\\Illuminate\\Database\\Eloquent\\Builder.php(1869): Illuminate\\Database\\Query\\Builder->insertGetId(Array, 'id')
#6 C:\\xampp\\htdocs\\Laravel project\\laravel11-crash-course\\vendor\\laravel\\framework\\src\\Illuminate\\Database\\Eloquent\\Model.php(1330): Illuminate\\Database\\Eloquent\\Builder->__call('insertGetId', Array)
#7 C:\\xampp\\htdocs\\Laravel project\\laravel11-crash-course\\vendor\\laravel\\framework\\src\\Illuminate\\Database\\Eloquent\\Model.php(1295): Illuminate\\Database\\Eloquent\\Model->insertAndSetId(Object(Illuminate\\Database\\Eloquent\\Builder), Array)
#8 C:\\xampp\\htdocs\\Laravel project\\laravel11-crash-course\\vendor\\laravel\\framework\\src\\Illuminate\\Database\\Eloquent\\Model.php(1138): Illuminate\\Database\\Eloquent\\Model->performInsert(Object(Illuminate\\Database\\Eloquent\\Builder))
#9 C:\\xampp\\htdocs\\Laravel project\\laravel11-crash-course\\vendor\\laravel\\framework\\src\\Illuminate\\Database\\Eloquent\\Factories\\Factory.php(330): Illuminate\\Database\\Eloquent\\Model->save()
#10 C:\\xampp\\htdocs\\Laravel project\\laravel11-crash-course\\vendor\\laravel\\framework\\src\\Illuminate\\Collections\\Traits\\EnumeratesValues.php(235): Illuminate\\Database\\Eloquent\\Factories\\Factory->Illuminate\\Database\\Eloquent\\Factories\\{closure}(Object(App\\Models\\User), 0)
#11 C:\\xampp\\htdocs\\Laravel project\\laravel11-crash-course\\vendor\\laravel\\framework\\src\\Illuminate\\Database\\Eloquent\\Factories\\Factory.php(339): Illuminate\\Support\\Collection->each(Object(Closure))
#12 C:\\xampp\\htdocs\\Laravel project\\laravel11-crash-course\\vendor\\laravel\\framework\\src\\Illuminate\\Database\\Eloquent\\Factories\\Factory.php(279): Illuminate\\Database\\Eloquent\\Factories\\Factory->store(Object(Illuminate\\Support\\Collection))
#13 C:\\xampp\\htdocs\\Laravel project\\laravel11-crash-course\\vendor\\laravel\\framework\\src\\Illuminate\\Database\\Eloquent\\Factories\\Factory.php(273): Illuminate\\Database\\Eloquent\\Factories\\Factory->create(Array, NULL)
#14 C:\\xampp\\htdocs\\Laravel project\\laravel11-crash-course\\database\\seeders\\DatabaseSeeder.php(25): Illuminate\\Database\\Eloquent\\Factories\\Factory->create(Array)
#15 C:\\xampp\\htdocs\\Laravel project\\laravel11-crash-course\\vendor\\laravel\\framework\\src\\Illuminate\\Container\\BoundMethod.php(36): Database\\Seeders\\DatabaseSeeder->run()
#16 C:\\xampp\\htdocs\\Laravel project\\laravel11-crash-course\\vendor\\laravel\\framework\\src\\Illuminate\\Container\\Util.php(41): Illuminate\\Container\\BoundMethod::Illuminate\\Container\\{closure}()
#17 C:\\xampp\\htdocs\\Laravel project\\laravel11-crash-course\\vendor\\laravel\\framework\\src\\Illuminate\\Container\\BoundMethod.php(93): Illuminate\\Container\\Util::unwrapIfClosure(Object(Closure))
#18 C:\\xampp\\htdocs\\Laravel project\\laravel11-crash-course\\vendor\\laravel\\framework\\src\\Illuminate\\Container\\BoundMethod.php(37): Illuminate\\Container\\BoundMethod::callBoundMethod(Object(Illuminate\\Foundation\\Application), Array, Object(Closure))
#19 C:\\xampp\\htdocs\\Laravel project\\laravel11-crash-course\\vendor\\laravel\\framework\\src\\Illuminate\\Container\\Container.php(661): Illuminate\\Container\\BoundMethod::call(Object(Illuminate\\Foundation\\Application), Array, Array, NULL)
#20 C:\\xampp\\htdocs\\Laravel project\\laravel11-crash-course\\vendor\\laravel\\framework\\src\\Illuminate\\Database\\Seeder.php(184): Illuminate\\Container\\Container->call(Array, Array)
#21 C:\\xampp\\htdocs\\Laravel project\\laravel11-crash-course\\vendor\\laravel\\framework\\src\\Illuminate\\Database\\Seeder.php(193): Illuminate\\Database\\Seeder->Illuminate\\Database\\{closure}()
#22 C:\\xampp\\htdocs\\Laravel project\\laravel11-crash-course\\vendor\\laravel\\framework\\src\\Illuminate\\Database\\Console\\Seeds\\SeedCommand.php(81): Illuminate\\Database\\Seeder->__invoke()
#23 C:\\xampp\\htdocs\\Laravel project\\laravel11-crash-course\\vendor\\laravel\\framework\\src\\Illuminate\\Database\\Eloquent\\Concerns\\GuardsAttributes.php(155): Illuminate\\Database\\Console\\Seeds\\SeedCommand->Illuminate\\Database\\Console\\Seeds\\{closure}()
#24 C:\\xampp\\htdocs\\Laravel project\\laravel11-crash-course\\vendor\\laravel\\framework\\src\\Illuminate\\Database\\Console\\Seeds\\SeedCommand.php(82): Illuminate\\Database\\Eloquent\\Model::unguarded(Object(Closure))
#25 C:\\xampp\\htdocs\\Laravel project\\laravel11-crash-course\\vendor\\laravel\\framework\\src\\Illuminate\\Container\\BoundMethod.php(36): Illuminate\\Database\\Console\\Seeds\\SeedCommand->handle()
#26 C:\\xampp\\htdocs\\Laravel project\\laravel11-crash-course\\vendor\\laravel\\framework\\src\\Illuminate\\Container\\Util.php(41): Illuminate\\Container\\BoundMethod::Illuminate\\Container\\{closure}()
#27 C:\\xampp\\htdocs\\Laravel project\\laravel11-crash-course\\vendor\\laravel\\framework\\src\\Illuminate\\Container\\BoundMethod.php(93): Illuminate\\Container\\Util::unwrapIfClosure(Object(Closure))
#28 C:\\xampp\\htdocs\\Laravel project\\laravel11-crash-course\\vendor\\laravel\\framework\\src\\Illuminate\\Container\\BoundMethod.php(37): Illuminate\\Container\\BoundMethod::callBoundMethod(Object(Illuminate\\Foundation\\Application), Array, Object(Closure))
#29 C:\\xampp\\htdocs\\Laravel project\\laravel11-crash-course\\vendor\\laravel\\framework\\src\\Illuminate\\Container\\Container.php(661): Illuminate\\Container\\BoundMethod::call(Object(Illuminate\\Foundation\\Application), Array, Array, NULL)
#30 C:\\xampp\\htdocs\\Laravel project\\laravel11-crash-course\\vendor\\laravel\\framework\\src\\Illuminate\\Console\\Command.php(183): Illuminate\\Container\\Container->call(Array)
#31 C:\\xampp\\htdocs\\Laravel project\\laravel11-crash-course\\vendor\\symfony\\console\\Command\\Command.php(291): Illuminate\\Console\\Command->execute(Object(Symfony\\Component\\Console\\Input\\ArrayInput), Object(Illuminate\\Console\\OutputStyle))
#32 C:\\xampp\\htdocs\\Laravel project\\laravel11-crash-course\\vendor\\laravel\\framework\\src\\Illuminate\\Console\\Command.php(153): Symfony\\Component\\Console\\Command\\Command->run(Object(Symfony\\Component\\Console\\Input\\ArrayInput), Object(Illuminate\\Console\\OutputStyle))
#33 C:\\xampp\\htdocs\\Laravel project\\laravel11-crash-course\\vendor\\laravel\\framework\\src\\Illuminate\\Console\\Concerns\\CallsCommands.php(68): Illuminate\\Console\\Command->run(Object(Symfony\\Component\\Console\\Input\\ArrayInput), Object(Illuminate\\Console\\OutputStyle))
#34 C:\\xampp\\htdocs\\Laravel project\\laravel11-crash-course\\vendor\\laravel\\framework\\src\\Illuminate\\Console\\Concerns\\CallsCommands.php(28): Illuminate\\Console\\Command->runCommand('db:seed', Array, Object(Illuminate\\Console\\OutputStyle))
#35 C:\\xampp\\htdocs\\Laravel project\\laravel11-crash-course\\vendor\\laravel\\framework\\src\\Illuminate\\Database\\Console\\Migrations\\RefreshCommand.php(136): Illuminate\\Console\\Command->call('db:seed', Array)
#36 C:\\xampp\\htdocs\\Laravel project\\laravel11-crash-course\\vendor\\laravel\\framework\\src\\Illuminate\\Database\\Console\\Migrations\\RefreshCommand.php(75): Illuminate\\Database\\Console\\Migrations\\RefreshCommand->runSeeder(NULL)
#37 C:\\xampp\\htdocs\\Laravel project\\laravel11-crash-course\\vendor\\laravel\\framework\\src\\Illuminate\\Container\\BoundMethod.php(36): Illuminate\\Database\\Console\\Migrations\\RefreshCommand->handle()
#38 C:\\xampp\\htdocs\\Laravel project\\laravel11-crash-course\\vendor\\laravel\\framework\\src\\Illuminate\\Container\\Util.php(41): Illuminate\\Container\\BoundMethod::Illuminate\\Container\\{closure}()
#39 C:\\xampp\\htdocs\\Laravel project\\laravel11-crash-course\\vendor\\laravel\\framework\\src\\Illuminate\\Container\\BoundMethod.php(93): Illuminate\\Container\\Util::unwrapIfClosure(Object(Closure))
#40 C:\\xampp\\htdocs\\Laravel project\\laravel11-crash-course\\vendor\\laravel\\framework\\src\\Illuminate\\Container\\BoundMethod.php(37): Illuminate\\Container\\BoundMethod::callBoundMethod(Object(Illuminate\\Foundation\\Application), Array, Object(Closure))
#41 C:\\xampp\\htdocs\\Laravel project\\laravel11-crash-course\\vendor\\laravel\\framework\\src\\Illuminate\\Container\\Container.php(661): Illuminate\\Container\\BoundMethod::call(Object(Illuminate\\Foundation\\Application), Array, Array, NULL)
#42 C:\\xampp\\htdocs\\Laravel project\\laravel11-crash-course\\vendor\\laravel\\framework\\src\\Illuminate\\Console\\Command.php(183): Illuminate\\Container\\Container->call(Array)
#43 C:\\xampp\\htdocs\\Laravel project\\laravel11-crash-course\\vendor\\symfony\\console\\Command\\Command.php(291): Illuminate\\Console\\Command->execute(Object(Symfony\\Component\\Console\\Input\\ArgvInput), Object(Illuminate\\Console\\OutputStyle))
#44 C:\\xampp\\htdocs\\Laravel project\\laravel11-crash-course\\vendor\\laravel\\framework\\src\\Illuminate\\Console\\Command.php(153): Symfony\\Component\\Console\\Command\\Command->run(Object(Symfony\\Component\\Console\\Input\\ArgvInput), Object(Illuminate\\Console\\OutputStyle))
#45 C:\\xampp\\htdocs\\Laravel project\\laravel11-crash-course\\vendor\\symfony\\console\\Application.php(1014): Illuminate\\Console\\Command->run(Object(Symfony\\Component\\Console\\Input\\ArgvInput), Object(Symfony\\Component\\Console\\Output\\ConsoleOutput))
#46 C:\\xampp\\htdocs\\Laravel project\\laravel11-crash-course\\vendor\\symfony\\console\\Application.php(301): Symfony\\Component\\Console\\Application->doRunCommand(Object(Illuminate\\Database\\Console\\Migrations\\RefreshCommand), Object(Symfony\\Component\\Console\\Input\\ArgvInput), Object(Symfony\\Component\\Console\\Output\\ConsoleOutput))
#47 C:\\xampp\\htdocs\\Laravel project\\laravel11-crash-course\\vendor\\symfony\\console\\Application.php(171): Symfony\\Component\\Console\\Application->doRun(Object(Symfony\\Component\\Console\\Input\\ArgvInput), Object(Symfony\\Component\\Console\\Output\\ConsoleOutput))
#48 C:\\xampp\\htdocs\\Laravel project\\laravel11-crash-course\\vendor\\laravel\\framework\\src\\Illuminate\\Console\\Application.php(102): Symfony\\Component\\Console\\Application->run(Object(Symfony\\Component\\Console\\Input\\ArgvInput), Object(Symfony\\Component\\Console\\Output\\ConsoleOutput))
#49 C:\\xampp\\htdocs\\Laravel project\\laravel11-crash-course\\vendor\\laravel\\framework\\src\\Illuminate\\Foundation\\Console\\Kernel.php(155): Illuminate\\Console\\Application->run(Object(Symfony\\Component\\Console\\Input\\ArgvInput), Object(Symfony\\Component\\Console\\Output\\ConsoleOutput))
#50 C:\\xampp\\htdocs\\Laravel project\\laravel11-crash-course\\artisan(37): Illuminate\\Foundation\\Console\\Kernel->handle(Object(Symfony\\Component\\Console\\Input\\ArgvInput), Object(Symfony\\Component\\Console\\Output\\ConsoleOutput))
#51 {main}

[previous exception] [object] (PDOException(code: 42S22): SQLSTATE[42S22]: Column not found: 1054 Unknown column 'passwod' in 'field list' at C:\\xampp\\htdocs\\Laravel project\\laravel11-crash-course\\vendor\\laravel\\framework\\src\\Illuminate\\Database\\Connection.php:539)
[stacktrace]
#0 C:\\xampp\\htdocs\\Laravel project\\laravel11-crash-course\\vendor\\laravel\\framework\\src\\Illuminate\\Database\\Connection.php(539): PDO->prepare('insert into `us...')
#1 C:\\xampp\\htdocs\\Laravel project\\laravel11-crash-course\\vendor\\laravel\\framework\\src\\Illuminate\\Database\\Connection.php(753): Illuminate\\Database\\Connection->Illuminate\\Database\\{closure}('insert into `us...', Array)
#2 C:\\xampp\\htdocs\\Laravel project\\laravel11-crash-course\\vendor\\laravel\\framework\\src\\Illuminate\\Database\\Connection.php(720): Illuminate\\Database\\Connection->runQueryCallback('insert into `us...', Array, Object(Closure))
#3 C:\\xampp\\htdocs\\Laravel project\\laravel11-crash-course\\vendor\\laravel\\framework\\src\\Illuminate\\Database\\Connection.php(546): Illuminate\\Database\\Connection->run('insert into `us...', Array, Object(Closure))
#4 C:\\xampp\\htdocs\\Laravel project\\laravel11-crash-course\\vendor\\laravel\\framework\\src\\Illuminate\\Database\\Connection.php(498): Illuminate\\Database\\Connection->statement('insert into `us...', Array)
#5 C:\\xampp\\htdocs\\Laravel project\\laravel11-crash-course\\vendor\\laravel\\framework\\src\\Illuminate\\Database\\Query\\Processors\\Processor.php(32): Illuminate\\Database\\Connection->insert('insert into `us...', Array)
#6 C:\\xampp\\htdocs\\Laravel project\\laravel11-crash-course\\vendor\\laravel\\framework\\src\\Illuminate\\Database\\Query\\Builder.php(3322): Illuminate\\Database\\Query\\Processors\\Processor->processInsertGetId(Object(Illuminate\\Database\\Query\\Builder), 'insert into `us...', Array, 'id')
#7 C:\\xampp\\htdocs\\Laravel project\\laravel11-crash-course\\vendor\\laravel\\framework\\src\\Illuminate\\Database\\Eloquent\\Builder.php(1869): Illuminate\\Database\\Query\\Builder->insertGetId(Array, 'id')
#8 C:\\xampp\\htdocs\\Laravel project\\laravel11-crash-course\\vendor\\laravel\\framework\\src\\Illuminate\\Database\\Eloquent\\Model.php(1330): Illuminate\\Database\\Eloquent\\Builder->__call('insertGetId', Array)
#9 C:\\xampp\\htdocs\\Laravel project\\laravel11-crash-course\\vendor\\laravel\\framework\\src\\Illuminate\\Database\\Eloquent\\Model.php(1295): Illuminate\\Database\\Eloquent\\Model->insertAndSetId(Object(Illuminate\\Database\\Eloquent\\Builder), Array)
#10 C:\\xampp\\htdocs\\Laravel project\\laravel11-crash-course\\vendor\\laravel\\framework\\src\\Illuminate\\Database\\Eloquent\\Model.php(1138): Illuminate\\Database\\Eloquent\\Model->performInsert(Object(Illuminate\\Database\\Eloquent\\Builder))
#11 C:\\xampp\\htdocs\\Laravel project\\laravel11-crash-course\\vendor\\laravel\\framework\\src\\Illuminate\\Database\\Eloquent\\Factories\\Factory.php(330): Illuminate\\Database\\Eloquent\\Model->save()
#12 C:\\xampp\\htdocs\\Laravel project\\laravel11-crash-course\\vendor\\laravel\\framework\\src\\Illuminate\\Collections\\Traits\\EnumeratesValues.php(235): Illuminate\\Database\\Eloquent\\Factories\\Factory->Illuminate\\Database\\Eloquent\\Factories\\{closure}(Object(App\\Models\\User), 0)
#13 C:\\xampp\\htdocs\\Laravel project\\laravel11-crash-course\\vendor\\laravel\\framework\\src\\Illuminate\\Database\\Eloquent\\Factories\\Factory.php(339): Illuminate\\Support\\Collection->each(Object(Closure))
#14 C:\\xampp\\htdocs\\Laravel project\\laravel11-crash-course\\vendor\\laravel\\framework\\src\\Illuminate\\Database\\Eloquent\\Factories\\Factory.php(279): Illuminate\\Database\\Eloquent\\Factories\\Factory->store(Object(Illuminate\\Support\\Collection))
#15 C:\\xampp\\htdocs\\Laravel project\\laravel11-crash-course\\vendor\\laravel\\framework\\src\\Illuminate\\Database\\Eloquent\\Factories\\Factory.php(273): Illuminate\\Database\\Eloquent\\Factories\\Factory->create(Array, NULL)
#16 C:\\xampp\\htdocs\\Laravel project\\laravel11-crash-course\\database\\seeders\\DatabaseSeeder.php(25): Illuminate\\Database\\Eloquent\\Factories\\Factory->create(Array)
#17 C:\\xampp\\htdocs\\Laravel project\\laravel11-crash-course\\vendor\\laravel\\framework\\src\\Illuminate\\Container\\BoundMethod.php(36): Database\\Seeders\\DatabaseSeeder->run()
#18 C:\\xampp\\htdocs\\Laravel project\\laravel11-crash-course\\vendor\\laravel\\framework\\src\\Illuminate\\Container\\Util.php(41): Illuminate\\Container\\BoundMethod::Illuminate\\Container\\{closure}()
#19 C:\\xampp\\htdocs\\Laravel project\\laravel11-crash-course\\vendor\\laravel\\framework\\src\\Illuminate\\Container\\BoundMethod.php(93): Illuminate\\Container\\Util::unwrapIfClosure(Object(Closure))
#20 C:\\xampp\\htdocs\\Laravel project\\laravel11-crash-course\\vendor\\laravel\\framework\\src\\Illuminate\\Container\\BoundMethod.php(37): Illuminate\\Container\\BoundMethod::callBoundMethod(Object(Illuminate\\Foundation\\Application), Array, Object(Closure))
#21 C:\\xampp\\htdocs\\Laravel project\\laravel11-crash-course\\vendor\\laravel\\framework\\src\\Illuminate\\Container\\Container.php(661): Illuminate\\Container\\BoundMethod::call(Object(Illuminate\\Foundation\\Application), Array, Array, NULL)
#22 C:\\xampp\\htdocs\\Laravel project\\laravel11-crash-course\\vendor\\laravel\\framework\\src\\Illuminate\\Database\\Seeder.php(184): Illuminate\\Container\\Container->call(Array, Array)
#23 C:\\xampp\\htdocs\\Laravel project\\laravel11-crash-course\\vendor\\laravel\\framework\\src\\Illuminate\\Database\\Seeder.php(193): Illuminate\\Database\\Seeder->Illuminate\\Database\\{closure}()
#24 C:\\xampp\\htdocs\\Laravel project\\laravel11-crash-course\\vendor\\laravel\\framework\\src\\Illuminate\\Database\\Console\\Seeds\\SeedCommand.php(81): Illuminate\\Database\\Seeder->__invoke()
#25 C:\\xampp\\htdocs\\Laravel project\\laravel11-crash-course\\vendor\\laravel\\framework\\src\\Illuminate\\Database\\Eloquent\\Concerns\\GuardsAttributes.php(155): Illuminate\\Database\\Console\\Seeds\\SeedCommand->Illuminate\\Database\\Console\\Seeds\\{closure}()
#26 C:\\xampp\\htdocs\\Laravel project\\laravel11-crash-course\\vendor\\laravel\\framework\\src\\Illuminate\\Database\\Console\\Seeds\\SeedCommand.php(82): Illuminate\\Database\\Eloquent\\Model::unguarded(Object(Closure))
#27 C:\\xampp\\htdocs\\Laravel project\\laravel11-crash-course\\vendor\\laravel\\framework\\src\\Illuminate\\Container\\BoundMethod.php(36): Illuminate\\Database\\Console\\Seeds\\SeedCommand->handle()
#28 C:\\xampp\\htdocs\\Laravel project\\laravel11-crash-course\\vendor\\laravel\\framework\\src\\Illuminate\\Container\\Util.php(41): Illuminate\\Container\\BoundMethod::Illuminate\\Container\\{closure}()
#29 C:\\xampp\\htdocs\\Laravel project\\laravel11-crash-course\\vendor\\laravel\\framework\\src\\Illuminate\\Container\\BoundMethod.php(93): Illuminate\\Container\\Util::unwrapIfClosure(Object(Closure))
#30 C:\\xampp\\htdocs\\Laravel project\\laravel11-crash-course\\vendor\\laravel\\framework\\src\\Illuminate\\Container\\BoundMethod.php(37): Illuminate\\Container\\BoundMethod::callBoundMethod(Object(Illuminate\\Foundation\\Application), Array, Object(Closure))
#31 C:\\xampp\\htdocs\\Laravel project\\laravel11-crash-course\\vendor\\laravel\\framework\\src\\Illuminate\\Container\\Container.php(661): Illuminate\\Container\\BoundMethod::call(Object(Illuminate\\Foundation\\Application), Array, Array, NULL)
#32 C:\\xampp\\htdocs\\Laravel project\\laravel11-crash-course\\vendor\\laravel\\framework\\src\\Illuminate\\Console\\Command.php(183): Illuminate\\Container\\Container->call(Array)
#33 C:\\xampp\\htdocs\\Laravel project\\laravel11-crash-course\\vendor\\symfony\\console\\Command\\Command.php(291): Illuminate\\Console\\Command->execute(Object(Symfony\\Component\\Console\\Input\\ArrayInput), Object(Illuminate\\Console\\OutputStyle))
#34 C:\\xampp\\htdocs\\Laravel project\\laravel11-crash-course\\vendor\\laravel\\framework\\src\\Illuminate\\Console\\Command.php(153): Symfony\\Component\\Console\\Command\\Command->run(Object(Symfony\\Component\\Console\\Input\\ArrayInput), Object(Illuminate\\Console\\OutputStyle))
#35 C:\\xampp\\htdocs\\Laravel project\\laravel11-crash-course\\vendor\\laravel\\framework\\src\\Illuminate\\Console\\Concerns\\CallsCommands.php(68): Illuminate\\Console\\Command->run(Object(Symfony\\Component\\Console\\Input\\ArrayInput), Object(Illuminate\\Console\\OutputStyle))
#36 C:\\xampp\\htdocs\\Laravel project\\laravel11-crash-course\\vendor\\laravel\\framework\\src\\Illuminate\\Console\\Concerns\\CallsCommands.php(28): Illuminate\\Console\\Command->runCommand('db:seed', Array, Object(Illuminate\\Console\\OutputStyle))
#37 C:\\xampp\\htdocs\\Laravel project\\laravel11-crash-course\\vendor\\laravel\\framework\\src\\Illuminate\\Database\\Console\\Migrations\\RefreshCommand.php(136): Illuminate\\Console\\Command->call('db:seed', Array)
#38 C:\\xampp\\htdocs\\Laravel project\\laravel11-crash-course\\vendor\\laravel\\framework\\src\\Illuminate\\Database\\Console\\Migrations\\RefreshCommand.php(75): Illuminate\\Database\\Console\\Migrations\\RefreshCommand->runSeeder(NULL)
#39 C:\\xampp\\htdocs\\Laravel project\\laravel11-crash-course\\vendor\\laravel\\framework\\src\\Illuminate\\Container\\BoundMethod.php(36): Illuminate\\Database\\Console\\Migrations\\RefreshCommand->handle()
#40 C:\\xampp\\htdocs\\Laravel project\\laravel11-crash-course\\vendor\\laravel\\framework\\src\\Illuminate\\Container\\Util.php(41): Illuminate\\Container\\BoundMethod::Illuminate\\Container\\{closure}()
#41 C:\\xampp\\htdocs\\Laravel project\\laravel11-crash-course\\vendor\\laravel\\framework\\src\\Illuminate\\Container\\BoundMethod.php(93): Illuminate\\Container\\Util::unwrapIfClosure(Object(Closure))
#42 C:\\xampp\\htdocs\\Laravel project\\laravel11-crash-course\\vendor\\laravel\\framework\\src\\Illuminate\\Container\\BoundMethod.php(37): Illuminate\\Container\\BoundMethod::callBoundMethod(Object(Illuminate\\Foundation\\Application), Array, Object(Closure))
#43 C:\\xampp\\htdocs\\Laravel project\\laravel11-crash-course\\vendor\\laravel\\framework\\src\\Illuminate\\Container\\Container.php(661): Illuminate\\Container\\BoundMethod::call(Object(Illuminate\\Foundation\\Application), Array, Array, NULL)
#44 C:\\xampp\\htdocs\\Laravel project\\laravel11-crash-course\\vendor\\laravel\\framework\\src\\Illuminate\\Console\\Command.php(183): Illuminate\\Container\\Container->call(Array)
#45 C:\\xampp\\htdocs\\Laravel project\\laravel11-crash-course\\vendor\\symfony\\console\\Command\\Command.php(291): Illuminate\\Console\\Command->execute(Object(Symfony\\Component\\Console\\Input\\ArgvInput), Object(Illuminate\\Console\\OutputStyle))
#46 C:\\xampp\\htdocs\\Laravel project\\laravel11-crash-course\\vendor\\laravel\\framework\\src\\Illuminate\\Console\\Command.php(153): Symfony\\Component\\Console\\Command\\Command->run(Object(Symfony\\Component\\Console\\Input\\ArgvInput), Object(Illuminate\\Console\\OutputStyle))
#47 C:\\xampp\\htdocs\\Laravel project\\laravel11-crash-course\\vendor\\symfony\\console\\Application.php(1014): Illuminate\\Console\\Command->run(Object(Symfony\\Component\\Console\\Input\\ArgvInput), Object(Symfony\\Component\\Console\\Output\\ConsoleOutput))
#48 C:\\xampp\\htdocs\\Laravel project\\laravel11-crash-course\\vendor\\symfony\\console\\Application.php(301): Symfony\\Component\\Console\\Application->doRunCommand(Object(Illuminate\\Database\\Console\\Migrations\\RefreshCommand), Object(Symfony\\Component\\Console\\Input\\ArgvInput), Object(Symfony\\Component\\Console\\Output\\ConsoleOutput))
#49 C:\\xampp\\htdocs\\Laravel project\\laravel11-crash-course\\vendor\\symfony\\console\\Application.php(171): Symfony\\Component\\Console\\Application->doRun(Object(Symfony\\Component\\Console\\Input\\ArgvInput), Object(Symfony\\Component\\Console\\Output\\ConsoleOutput))
#50 C:\\xampp\\htdocs\\Laravel project\\laravel11-crash-course\\vendor\\laravel\\framework\\src\\Illuminate\\Console\\Application.php(102): Symfony\\Component\\Console\\Application->run(Object(Symfony\\Component\\Console\\Input\\ArgvInput), Object(Symfony\\Component\\Console\\Output\\ConsoleOutput))
#51 C:\\xampp\\htdocs\\Laravel project\\laravel11-crash-course\\vendor\\laravel\\framework\\src\\Illuminate\\Foundation\\Console\\Kernel.php(155): Illuminate\\Console\\Application->run(Object(Symfony\\Component\\Console\\Input\\ArgvInput), Object(Symfony\\Component\\Console\\Output\\ConsoleOutput))
#52 C:\\xampp\\htdocs\\Laravel project\\laravel11-crash-course\\artisan(37): Illuminate\\Foundation\\Console\\Kernel->handle(Object(Symfony\\Component\\Console\\Input\\ArgvInput), Object(Symfony\\Component\\Console\\Output\\ConsoleOutput))
#53 {main}
"} 
[2025-08-22 07:05:46] local.ERROR: Command "make:view" is not defined.

Did you mean one of these?
    make:cast
    make:channel
    make:command
    make:component
    make:controller
    make:event
    make:exception
    make:factory
    make:job
    make:listener
    make:mail
    make:middleware
    make:migration
    make:model
    make:notification
    make:observer
    make:policy
    make:provider
    make:request
    make:resource
    make:rule
    make:scope
    make:seeder
    make:test {"exception":"[object] (Symfony\\Component\\Console\\Exception\\CommandNotFoundException(code: 0): Command \"make:view\" is not defined.

Did you mean one of these?
    make:cast
    make:channel
    make:command
    make:component
    make:controller
    make:event
    make:exception
    make:factory
    make:job
    make:listener
    make:mail
    make:middleware
    make:migration
    make:model
    make:notification
    make:observer
    make:policy
    make:provider
    make:request
    make:resource
    make:rule
    make:scope
    make:seeder
    make:test at C:\\xampp\\htdocs\\Laravel project\\laravel11-crash-course\\vendor\\symfony\\console\\Application.php:694)
[stacktrace]
#0 C:\\xampp\\htdocs\\Laravel project\\laravel11-crash-course\\vendor\\symfony\\console\\Application.php(259): Symfony\\Component\\Console\\Application->find('make:view')
#1 C:\\xampp\\htdocs\\Laravel project\\laravel11-crash-course\\vendor\\symfony\\console\\Application.php(171): Symfony\\Component\\Console\\Application->doRun(Object(Symfony\\Component\\Console\\Input\\ArgvInput), Object(Symfony\\Component\\Console\\Output\\ConsoleOutput))
#2 C:\\xampp\\htdocs\\Laravel project\\laravel11-crash-course\\vendor\\laravel\\framework\\src\\Illuminate\\Console\\Application.php(102): Symfony\\Component\\Console\\Application->run(Object(Symfony\\Component\\Console\\Input\\ArgvInput), Object(Symfony\\Component\\Console\\Output\\ConsoleOutput))
#3 C:\\xampp\\htdocs\\Laravel project\\laravel11-crash-course\\vendor\\laravel\\framework\\src\\Illuminate\\Foundation\\Console\\Kernel.php(155): Illuminate\\Console\\Application->run(Object(Symfony\\Component\\Console\\Input\\ArgvInput), Object(Symfony\\Component\\Console\\Output\\ConsoleOutput))
#4 C:\\xampp\\htdocs\\Laravel project\\laravel11-crash-course\\artisan(37): Illuminate\\Foundation\\Console\\Kernel->handle(Object(Symfony\\Component\\Console\\Input\\ArgvInput), Object(Symfony\\Component\\Console\\Output\\ConsoleOutput))
#5 {main}
"} 
[2025-08-22 07:07:48] local.ERROR: Command "make:view" is not defined.

Did you mean one of these?
    make:cast
    make:channel
    make:command
    make:component
    make:controller
    make:event
    make:exception
    make:factory
    make:job
    make:listener
    make:mail
    make:middleware
    make:migration
    make:model
    make:notification
    make:observer
    make:policy
    make:provider
    make:request
    make:resource
    make:rule
    make:scope
    make:seeder
    make:test {"exception":"[object] (Symfony\\Component\\Console\\Exception\\CommandNotFoundException(code: 0): Command \"make:view\" is not defined.

Did you mean one of these?
    make:cast
    make:channel
    make:command
    make:component
    make:controller
    make:event
    make:exception
    make:factory
    make:job
    make:listener
    make:mail
    make:middleware
    make:migration
    make:model
    make:notification
    make:observer
    make:policy
    make:provider
    make:request
    make:resource
    make:rule
    make:scope
    make:seeder
    make:test at C:\\xampp\\htdocs\\Laravel project\\laravel11-crash-course\\vendor\\symfony\\console\\Application.php:694)
[stacktrace]
#0 C:\\xampp\\htdocs\\Laravel project\\laravel11-crash-course\\vendor\\symfony\\console\\Application.php(259): Symfony\\Component\\Console\\Application->find('make:view')
#1 C:\\xampp\\htdocs\\Laravel project\\laravel11-crash-course\\vendor\\symfony\\console\\Application.php(171): Symfony\\Component\\Console\\Application->doRun(Object(Symfony\\Component\\Console\\Input\\ArgvInput), Object(Symfony\\Component\\Console\\Output\\ConsoleOutput))
#2 C:\\xampp\\htdocs\\Laravel project\\laravel11-crash-course\\vendor\\laravel\\framework\\src\\Illuminate\\Console\\Application.php(102): Symfony\\Component\\Console\\Application->run(Object(Symfony\\Component\\Console\\Input\\ArgvInput), Object(Symfony\\Component\\Console\\Output\\ConsoleOutput))
#3 C:\\xampp\\htdocs\\Laravel project\\laravel11-crash-course\\vendor\\laravel\\framework\\src\\Illuminate\\Foundation\\Console\\Kernel.php(155): Illuminate\\Console\\Application->run(Object(Symfony\\Component\\Console\\Input\\ArgvInput), Object(Symfony\\Component\\Console\\Output\\ConsoleOutput))
#4 C:\\xampp\\htdocs\\Laravel project\\laravel11-crash-course\\artisan(37): Illuminate\\Foundation\\Console\\Kernel->handle(Object(Symfony\\Component\\Console\\Input\\ArgvInput), Object(Symfony\\Component\\Console\\Output\\ConsoleOutput))
#5 {main}
"} 
[2025-08-22 07:08:04] local.ERROR: Command "make:view" is not defined.

Did you mean one of these?
    make:cast
    make:channel
    make:command
    make:component
    make:controller
    make:event
    make:exception
    make:factory
    make:job
    make:listener
    make:mail
    make:middleware
    make:migration
    make:model
    make:notification
    make:observer
    make:policy
    make:provider
    make:request
    make:resource
    make:rule
    make:scope
    make:seeder
    make:test {"exception":"[object] (Symfony\\Component\\Console\\Exception\\CommandNotFoundException(code: 0): Command \"make:view\" is not defined.

Did you mean one of these?
    make:cast
    make:channel
    make:command
    make:component
    make:controller
    make:event
    make:exception
    make:factory
    make:job
    make:listener
    make:mail
    make:middleware
    make:migration
    make:model
    make:notification
    make:observer
    make:policy
    make:provider
    make:request
    make:resource
    make:rule
    make:scope
    make:seeder
    make:test at C:\\xampp\\htdocs\\Laravel project\\laravel11-crash-course\\vendor\\symfony\\console\\Application.php:694)
[stacktrace]
#0 C:\\xampp\\htdocs\\Laravel project\\laravel11-crash-course\\vendor\\symfony\\console\\Application.php(259): Symfony\\Component\\Console\\Application->find('make:view')
#1 C:\\xampp\\htdocs\\Laravel project\\laravel11-crash-course\\vendor\\symfony\\console\\Application.php(171): Symfony\\Component\\Console\\Application->doRun(Object(Symfony\\Component\\Console\\Input\\ArgvInput), Object(Symfony\\Component\\Console\\Output\\ConsoleOutput))
#2 C:\\xampp\\htdocs\\Laravel project\\laravel11-crash-course\\vendor\\laravel\\framework\\src\\Illuminate\\Console\\Application.php(102): Symfony\\Component\\Console\\Application->run(Object(Symfony\\Component\\Console\\Input\\ArgvInput), Object(Symfony\\Component\\Console\\Output\\ConsoleOutput))
#3 C:\\xampp\\htdocs\\Laravel project\\laravel11-crash-course\\vendor\\laravel\\framework\\src\\Illuminate\\Foundation\\Console\\Kernel.php(155): Illuminate\\Console\\Application->run(Object(Symfony\\Component\\Console\\Input\\ArgvInput), Object(Symfony\\Component\\Console\\Output\\ConsoleOutput))
#4 C:\\xampp\\htdocs\\Laravel project\\laravel11-crash-course\\artisan(37): Illuminate\\Foundation\\Console\\Kernel->handle(Object(Symfony\\Component\\Console\\Input\\ArgvInput), Object(Symfony\\Component\\Console\\Output\\ConsoleOutput))
#5 {main}
"} 
[2025-08-22 07:10:57] local.ERROR: Command "make:view" is not defined.

Did you mean one of these?
    make:cast
    make:channel
    make:command
    make:component
    make:controller
    make:event
    make:exception
    make:factory
    make:job
    make:listener
    make:mail
    make:middleware
    make:migration
    make:model
    make:notification
    make:observer
    make:policy
    make:provider
    make:request
    make:resource
    make:rule
    make:scope
    make:seeder
    make:test {"exception":"[object] (Symfony\\Component\\Console\\Exception\\CommandNotFoundException(code: 0): Command \"make:view\" is not defined.

Did you mean one of these?
    make:cast
    make:channel
    make:command
    make:component
    make:controller
    make:event
    make:exception
    make:factory
    make:job
    make:listener
    make:mail
    make:middleware
    make:migration
    make:model
    make:notification
    make:observer
    make:policy
    make:provider
    make:request
    make:resource
    make:rule
    make:scope
    make:seeder
    make:test at C:\\xampp\\htdocs\\Laravel project\\laravel11-crash-course\\vendor\\symfony\\console\\Application.php:694)
[stacktrace]
#0 C:\\xampp\\htdocs\\Laravel project\\laravel11-crash-course\\vendor\\symfony\\console\\Application.php(259): Symfony\\Component\\Console\\Application->find('make:view')
#1 C:\\xampp\\htdocs\\Laravel project\\laravel11-crash-course\\vendor\\symfony\\console\\Application.php(171): Symfony\\Component\\Console\\Application->doRun(Object(Symfony\\Component\\Console\\Input\\ArgvInput), Object(Symfony\\Component\\Console\\Output\\ConsoleOutput))
#2 C:\\xampp\\htdocs\\Laravel project\\laravel11-crash-course\\vendor\\laravel\\framework\\src\\Illuminate\\Console\\Application.php(102): Symfony\\Component\\Console\\Application->run(Object(Symfony\\Component\\Console\\Input\\ArgvInput), Object(Symfony\\Component\\Console\\Output\\ConsoleOutput))
#3 C:\\xampp\\htdocs\\Laravel project\\laravel11-crash-course\\vendor\\laravel\\framework\\src\\Illuminate\\Foundation\\Console\\Kernel.php(155): Illuminate\\Console\\Application->run(Object(Symfony\\Component\\Console\\Input\\ArgvInput), Object(Symfony\\Component\\Console\\Output\\ConsoleOutput))
#4 C:\\xampp\\htdocs\\Laravel project\\laravel11-crash-course\\artisan(37): Illuminate\\Foundation\\Console\\Kernel->handle(Object(Symfony\\Component\\Console\\Input\\ArgvInput), Object(Symfony\\Component\\Console\\Output\\ConsoleOutput))
#5 {main}
"} 
